datetime,open,high,low,close,volume
2025-05-12 09:15:00,544.95,549.85,541.7,543.7,3972086
2025-05-12 09:30:00,543.65,545.35,542.0,542.2,5654563
2025-05-12 09:45:00,542.95,552.3,542.95,547.8,7955594
2025-05-12 10:00:00,547.45,549.95,543.85,544.35,9676945
2025-05-12 10:15:00,544.05,546.0,543.5,543.8,10457498
2025-05-12 10:30:00,543.6,545.8,542.5,544.7,11410036
2025-05-12 10:45:00,544.6,544.9,543.0,543.6,11921890
2025-05-12 11:00:00,543.55,546.95,542.7,545.15,12413839
2025-05-12 11:15:00,545.1,545.55,544.0,544.35,12858623
2025-05-12 11:30:00,544.05,545.0,543.6,544.5,13115005
2025-05-12 11:45:00,544.35,544.85,543.0,543.3,13414586
2025-05-12 12:00:00,543.5,543.75,542.1,542.6,13736485
2025-05-12 12:15:00,542.65,543.0,542.1,542.7,13932914
2025-05-12 12:30:00,542.75,544.3,542.75,543.95,14235860
2025-05-12 12:45:00,543.9,544.1,542.9,544.0,14410629
2025-05-12 13:00:00,543.9,544.5,542.7,542.85,14593185
2025-05-12 13:15:00,542.55,544.4,542.35,544.1,14857110
2025-05-12 13:30:00,543.8,544.1,543.0,543.75,15126702
2025-05-12 13:45:00,543.55,545.35,543.5,543.85,15503678
2025-05-12 14:00:00,543.9,544.3,543.5,543.6,15681239
2025-05-12 14:15:00,543.55,546.9,543.55,545.0,16186772
2025-05-12 14:30:00,544.8,545.7,544.3,545.1,16643895
2025-05-12 14:45:00,545.3,547.3,544.6,546.3,17159498
2025-05-12 15:00:00,546.55,547.5,546.1,547.35,17710809
2025-05-12 15:15:00,547.4,547.45,545.5,546.5,18854912
2025-05-13 09:15:00,546.55,546.8,539.0,539.85,2190851
2025-05-13 09:30:00,539.9,543.35,537.45,540.1,3885633
2025-05-13 09:45:00,540.35,541.0,538.0,539.25,4845836
2025-05-13 10:00:00,539.45,541.1,539.1,541.0,5264783
2025-05-13 10:15:00,541.1,542.45,540.05,541.05,5739190
2025-05-13 10:30:00,541.0,542.2,540.5,542.05,6295066
2025-05-13 10:45:00,542.0,542.2,541.0,541.5,6701007
2025-05-13 11:00:00,541.6,543.8,541.45,541.85,7896790
2025-05-13 11:15:00,542.0,542.8,541.5,542.2,8760826
2025-05-13 11:30:00,542.25,544.05,541.5,542.55,10001058
2025-05-13 11:45:00,542.65,543.0,541.5,542.6,10458855
2025-05-13 12:00:00,542.8,543.65,541.95,543.25,10817655
2025-05-13 12:15:00,543.3,543.5,542.2,542.5,11068326
2025-05-13 12:30:00,542.65,543.0,542.0,542.35,11331269
2025-05-13 12:45:00,542.1,542.5,541.35,541.6,11635084
2025-05-13 13:00:00,541.45,541.85,538.35,539.45,12332802
2025-05-13 13:15:00,539.5,539.5,536.0,538.2,13040947
2025-05-13 13:30:00,537.45,538.75,537.45,538.5,13289484
2025-05-13 13:45:00,538.8,538.95,537.55,537.9,13458365
2025-05-13 14:00:00,537.8,538.75,537.55,538.25,13643703
2025-05-13 14:15:00,538.35,538.85,537.3,538.2,13845293
2025-05-13 14:30:00,538.45,538.75,538.0,538.6,13962017
2025-05-13 14:45:00,538.35,539.8,538.35,538.65,14245413
2025-05-13 15:00:00,538.8,540.8,537.3,538.4,14889134
2025-05-13 15:15:00,538.35,541.0,537.0,540.25,16185727
2025-05-14 09:15:00,542.7,542.7,536.1,540.0,1524591
2025-05-14 09:30:00,540.4,541.25,539.4,541.0,2336758
2025-05-14 09:45:00,540.85,541.25,539.0,540.5,2969780
2025-05-14 10:00:00,540.2,540.85,539.6,540.65,3332120
2025-05-14 10:15:00,540.35,540.7,539.25,540.0,3601240
2025-05-14 10:30:00,539.75,540.7,539.1,540.5,3813817
2025-05-14 10:45:00,540.7,541.0,539.55,539.55,4015066
2025-05-14 11:00:00,539.3,540.25,539.3,539.8,4162296
2025-05-14 11:15:00,539.75,540.65,539.55,540.15,4360537
2025-05-14 11:30:00,540.0,540.85,539.45,539.5,4791461
2025-05-14 11:45:00,539.65,539.7,537.05,539.05,5211922
2025-05-14 12:00:00,539.35,539.55,538.3,538.95,5384578
2025-05-14 12:15:00,538.9,539.0,538.5,538.5,5457411
2025-05-14 12:30:00,538.55,538.95,537.6,537.95,5616513
2025-05-14 12:45:00,538.0,538.25,536.5,537.5,5804792
2025-05-14 13:00:00,537.7,538.95,537.1,537.6,6027658
2025-05-14 13:15:00,537.7,538.85,536.5,537.95,6650134
2025-05-14 13:30:00,538.05,539.0,537.7,538.4,6791679
2025-05-14 13:45:00,538.3,538.8,538.1,538.1,6886844
2025-05-14 14:00:00,538.15,538.4,537.3,537.3,7014077
2025-05-14 14:15:00,537.25,538.35,537.25,538.15,7145971
2025-05-14 14:30:00,538.1,539.25,537.4,539.05,7479267
2025-05-14 14:45:00,539.2,540.6,538.65,539.5,8674704
2025-05-14 15:00:00,539.6,540.25,538.6,538.9,9363431
2025-05-14 15:15:00,538.95,541.0,538.05,539.6,10340340
2025-05-15 09:15:00,542.4,542.4,537.4,539.95,1462494
2025-05-15 09:30:00,540.0,540.8,538.3,538.3,2136235
2025-05-15 09:45:00,538.55,540.0,537.4,538.85,2650832
2025-05-15 10:00:00,539.0,539.8,538.65,539.0,2857377
2025-05-15 10:15:00,539.25,539.95,538.95,539.25,3053348
2025-05-15 10:30:00,539.1,541.0,539.1,540.75,3489968
2025-05-15 10:45:00,540.4,540.8,540.0,540.65,4122760
2025-05-15 11:00:00,540.7,540.8,537.4,538.25,4489264
2025-05-15 11:15:00,538.15,539.05,538.0,538.35,4779761
2025-05-15 11:30:00,538.55,538.7,537.65,538.45,4932794
2025-05-15 11:45:00,538.55,538.7,538.05,538.35,5064127
2025-05-15 12:00:00,538.1,539.35,538.0,538.75,5156455
2025-05-15 12:15:00,539.0,539.3,538.25,538.4,5271784
2025-05-15 12:30:00,538.25,538.95,538.0,538.55,5374116
2025-05-15 12:45:00,538.65,539.1,538.0,539.1,5455422
2025-05-15 13:00:00,538.7,539.85,538.7,539.7,5600961
2025-05-15 13:15:00,539.9,539.9,539.1,539.6,5798311
2025-05-15 13:30:00,539.5,542.55,539.15,542.55,6087812
2025-05-15 13:45:00,542.45,546.3,541.2,542.35,7104390
2025-05-15 14:00:00,542.05,542.5,541.0,542.1,7442124
2025-05-15 14:15:00,542.3,545.3,542.1,545.05,7877603
2025-05-15 14:30:00,545.45,545.45,543.6,544.7,8653728
2025-05-15 14:45:00,544.75,545.15,543.5,543.7,9036350
2025-05-15 15:00:00,543.85,544.65,543.0,543.0,9603610
2025-05-15 15:15:00,543.15,543.25,542.0,542.9,10392447
2025-05-16 09:15:00,545.0,563.5,543.3,558.05,3183031
2025-05-16 09:30:00,558.3,561.5,553.2,555.65,7628194
2025-05-16 09:45:00,555.6,556.7,550.45,550.6,9233370
2025-05-16 10:00:00,550.95,552.9,550.6,551.7,10160047
2025-05-16 10:15:00,551.25,553.95,551.25,551.9,10743844
2025-05-16 10:30:00,551.5,553.4,551.0,553.15,11187466
2025-05-16 10:45:00,552.95,553.45,551.4,553.0,11600809
2025-05-16 11:00:00,553.05,556.8,553.0,555.85,12673142
2025-05-16 11:15:00,555.5,556.2,554.75,555.5,13245287
2025-05-16 11:30:00,555.55,556.35,555.0,556.15,13697368
2025-05-16 11:45:00,556.0,556.45,554.75,555.45,14004839
2025-05-16 12:00:00,555.5,556.2,555.15,555.75,14348969
2025-05-16 12:15:00,555.5,558.0,555.0,557.05,14700209
2025-05-16 12:30:00,557.0,557.0,555.65,556.65,15113984
2025-05-16 12:45:00,556.85,559.2,556.35,556.6,15734225
2025-05-16 13:00:00,556.85,557.85,556.2,556.7,16121480
2025-05-16 13:15:00,557.0,561.25,556.55,559.9,17334423
2025-05-16 13:30:00,559.95,560.0,557.8,559.3,17671893
2025-05-16 13:45:00,559.15,569.55,559.05,564.75,21104853
2025-05-16 14:00:00,565.0,567.0,563.35,563.8,22918527
2025-05-16 14:15:00,564.0,565.0,561.1,561.1,23776739
2025-05-16 14:30:00,560.95,562.35,559.5,559.55,24728373
2025-05-16 14:45:00,559.75,563.4,559.05,562.55,25868559
2025-05-16 15:00:00,562.9,568.9,562.2,565.9,27045119
2025-05-16 15:15:00,565.95,566.2,564.2,566.0,28997807
2025-05-19 09:15:00,566.5,568.0,561.8,563.5,1576471
2025-05-19 09:30:00,564.15,568.0,559.3,562.75,2919844
2025-05-19 09:45:00,562.4,564.5,561.95,564.1,3709171
2025-05-19 10:00:00,564.55,573.0,564.4,569.3,5311613
2025-05-19 10:15:00,569.4,569.85,567.2,567.7,5927921
2025-05-19 10:30:00,567.6,568.5,566.55,567.0,6191783
2025-05-19 10:45:00,566.65,568.0,566.25,567.25,6381423
2025-05-19 11:00:00,567.45,568.2,566.6,567.0,6568982
2025-05-19 11:15:00,566.6,568.5,566.25,566.3,6781771
2025-05-19 11:30:00,566.5,567.85,566.1,567.25,6922162
2025-05-19 11:45:00,566.65,567.35,566.1,566.45,7048021
2025-05-19 12:00:00,566.55,566.55,565.05,565.65,7276098
2025-05-19 12:15:00,565.9,568.4,565.1,567.95,7417606
2025-05-19 12:30:00,567.5,568.35,566.0,566.5,7592387
2025-05-19 12:45:00,566.2,567.4,566.2,566.65,7694923
2025-05-19 13:00:00,566.7,566.75,565.1,565.55,7824843
2025-05-19 13:15:00,565.85,565.85,563.55,564.3,8139675
2025-05-19 13:30:00,564.35,564.95,563.05,563.35,8316313
2025-05-19 13:45:00,563.55,563.65,562.5,563.5,8467095
2025-05-19 14:00:00,563.3,563.4,560.65,561.6,8834914
2025-05-19 14:15:00,561.8,563.25,561.4,563.0,9049812
2025-05-19 14:30:00,563.1,563.85,562.3,562.95,9200721
2025-05-19 14:45:00,562.65,563.3,561.7,561.85,9421349
2025-05-19 15:00:00,562.75,564.4,562.35,562.7,9972063
2025-05-19 15:15:00,562.55,562.7,560.6,561.6,11039009
2025-05-20 09:15:00,563.95,565.65,557.05,557.35,1047854
2025-05-20 09:30:00,557.4,562.75,555.8,560.7,2180325
2025-05-20 09:45:00,560.5,561.3,557.5,560.45,3030035
2025-05-20 10:00:00,560.7,567.15,560.2,566.4,3814913
2025-05-20 10:15:00,566.25,566.6,562.3,563.15,4414176
2025-05-20 10:30:00,563.3,565.9,563.0,565.2,4673581
2025-05-20 10:45:00,565.4,566.0,562.85,563.25,4936596
2025-05-20 11:00:00,563.5,564.6,562.75,563.4,5119497
2025-05-20 11:15:00,563.25,564.75,562.85,564.0,5359432
2025-05-20 11:30:00,564.1,565.4,563.1,563.55,5541929
2025-05-20 11:45:00,563.15,563.85,561.2,561.9,5713657
2025-05-20 12:00:00,562.0,562.8,561.2,561.2,5818701
2025-05-20 12:15:00,561.25,562.0,560.5,560.65,5938346
2025-05-20 12:30:00,560.95,561.45,559.95,560.25,6100823
2025-05-20 12:45:00,560.2,560.5,556.0,556.0,6623735
2025-05-20 13:00:00,556.3,558.35,555.65,557.95,7470579
2025-05-20 13:15:00,557.9,557.9,556.25,557.35,7603033
2025-05-20 13:30:00,557.1,557.65,555.75,556.0,7707407
2025-05-20 13:45:00,556.3,557.5,556.0,556.4,7835520
2025-05-20 14:00:00,556.35,556.7,553.95,554.25,8134069
2025-05-20 14:15:00,554.55,554.9,552.85,553.15,8403761
2025-05-20 14:30:00,552.95,555.4,552.95,553.35,8684278
2025-05-20 14:45:00,553.15,556.0,553.05,554.5,8902960
2025-05-20 15:00:00,554.65,558.9,554.5,556.9,9367007
2025-05-20 15:15:00,556.4,556.9,554.15,555.9,10056807
2025-05-21 09:15:00,556.0,561.0,553.5,554.2,1099562
2025-05-21 09:30:00,554.25,556.55,553.35,556.3,1677781
2025-05-21 09:45:00,556.4,557.4,555.4,555.45,2005953
2025-05-21 10:00:00,555.7,559.6,555.25,559.3,2289775
2025-05-21 10:15:00,559.5,560.2,557.6,557.95,2822931
2025-05-21 10:30:00,557.9,558.7,557.2,557.95,2985845
2025-05-21 10:45:00,557.9,558.7,557.35,558.15,3103317
2025-05-21 11:00:00,558.1,558.1,555.8,556.45,3363140
2025-05-21 11:15:00,556.6,557.0,554.5,555.0,3545730
2025-05-21 11:30:00,555.05,555.2,552.5,554.1,4016113
2025-05-21 11:45:00,553.85,554.35,552.1,553.15,4241910
2025-05-21 12:00:00,552.85,553.1,550.0,550.2,4563683
2025-05-21 12:15:00,550.05,550.4,547.2,550.0,5093844
2025-05-21 12:30:00,550.2,551.45,549.4,550.05,5314844
2025-05-21 12:45:00,550.1,550.35,549.05,549.8,5439743
2025-05-21 13:00:00,550.0,550.95,549.35,550.85,5540407
2025-05-21 13:15:00,550.9,551.95,550.4,551.1,5699050
2025-05-21 13:30:00,551.3,551.4,550.05,550.5,5811270
2025-05-21 13:45:00,550.7,551.0,550.1,550.85,5900295
2025-05-21 14:00:00,550.9,550.95,549.5,550.5,6021489
2025-05-21 14:15:00,550.4,550.65,549.05,549.6,6188318
2025-05-21 14:30:00,549.35,550.8,549.35,550.45,6331248
2025-05-21 14:45:00,550.15,551.4,550.0,550.15,6576534
2025-05-21 15:00:00,550.5,552.5,550.15,551.45,7077739
2025-05-21 15:15:00,551.4,551.85,550.0,551.55,7772316
2025-05-22 09:15:00,551.5,560.6,549.6,558.95,1979649
2025-05-22 09:30:00,558.85,558.95,554.35,557.1,3326957
2025-05-22 09:45:00,557.5,559.75,556.65,557.2,4012725
2025-05-22 10:00:00,557.15,558.25,555.85,556.25,4391297
2025-05-22 10:15:00,556.55,557.45,555.5,555.85,4696661
2025-05-22 10:30:00,556.35,556.55,554.05,554.95,5066409
2025-05-22 10:45:00,554.8,555.85,554.6,555.6,5222910
2025-05-22 11:00:00,555.55,556.35,554.5,555.55,5350453
2025-05-22 11:15:00,555.35,556.1,554.5,555.05,5473584
2025-05-22 11:30:00,555.3,555.3,553.0,553.85,5644909
2025-05-22 11:45:00,553.65,555.3,553.65,554.05,5801528
2025-05-22 12:00:00,554.25,555.0,553.85,554.1,5931783
2025-05-22 12:15:00,554.0,554.5,553.2,553.7,6017305
2025-05-22 12:30:00,553.85,554.65,553.5,554.3,6090187
2025-05-22 12:45:00,554.0,554.35,552.0,552.6,6234643
2025-05-22 13:00:00,552.45,553.3,551.5,553.0,6378459
2025-05-22 13:15:00,552.85,553.3,552.1,552.95,6496311
2025-05-22 13:30:00,552.7,553.0,550.6,550.75,6652582
2025-05-22 13:45:00,550.8,551.65,550.2,551.6,6874178
2025-05-22 14:00:00,551.55,552.55,551.3,551.65,6988603
2025-05-22 14:15:00,551.95,552.0,549.4,550.05,7241305
2025-05-22 14:30:00,550.35,553.5,550.1,552.7,7470077
2025-05-22 14:45:00,553.15,554.7,552.0,554.35,7796786
2025-05-22 15:00:00,554.3,555.3,553.55,553.6,8138483
2025-05-22 15:15:00,553.7,553.9,552.3,553.6,8748734
2025-05-23 09:15:00,556.0,556.5,551.3,552.85,609344
2025-05-23 09:30:00,552.45,555.55,551.25,554.6,1125875
2025-05-23 09:45:00,554.2,554.5,552.5,552.8,1414864
2025-05-23 10:00:00,552.85,553.35,552.05,552.4,1555557
2025-05-23 10:15:00,552.2,552.4,551.25,551.7,1709364
2025-05-23 10:30:00,551.65,554.55,551.3,553.7,1859949
2025-05-23 10:45:00,553.65,555.1,553.3,554.2,2152056
2025-05-23 11:00:00,554.25,554.25,553.3,553.6,2286812
2025-05-23 11:15:00,553.95,556.85,553.5,555.85,2436714
2025-05-23 11:30:00,555.95,556.3,554.25,554.7,2687748
2025-05-23 11:45:00,554.55,556.3,553.7,554.6,2865671
2025-05-23 12:00:00,554.85,560.0,554.6,559.4,3532535
2025-05-23 12:15:00,559.15,560.35,556.8,559.0,4380125
2025-05-23 12:30:00,558.9,559.25,556.15,556.15,4796774
2025-05-23 12:45:00,556.3,557.0,554.8,555.75,5032745
2025-05-23 13:00:00,555.6,556.0,554.55,555.35,5284342
2025-05-23 13:15:00,555.15,555.6,554.65,555.0,5373160
2025-05-23 13:30:00,554.8,554.95,553.45,554.05,5518144
2025-05-23 13:45:00,554.0,554.9,553.35,554.5,5774735
2025-05-23 14:00:00,554.25,554.8,553.45,553.7,5877204
2025-05-23 14:15:00,553.8,554.35,553.1,554.1,5972646
2025-05-23 14:30:00,554.15,554.4,553.15,553.25,6075408
2025-05-23 14:45:00,553.3,554.8,553.0,554.0,6238656
2025-05-23 15:00:00,554.25,554.9,553.45,553.5,6506865
2025-05-23 15:15:00,553.6,554.0,552.1,554.0,6999955
2025-05-26 09:15:00,556.9,569.75,556.9,565.9,3177298
2025-05-26 09:30:00,565.6,566.85,564.0,565.1,4530999
2025-05-26 09:45:00,565.35,566.0,562.15,562.65,5282917
2025-05-26 10:00:00,562.7,563.45,561.8,562.2,5841956
2025-05-26 10:15:00,562.45,563.3,559.6,561.3,6303969
2025-05-26 10:30:00,561.25,561.25,559.5,560.4,6684747
2025-05-26 10:45:00,560.45,563.7,560.0,563.25,7080390
2025-05-26 11:00:00,563.15,565.0,562.0,563.05,7751135
2025-05-26 11:15:00,563.45,564.15,561.8,562.4,7958070
2025-05-26 11:30:00,562.45,563.0,561.3,562.0,8111000
2025-05-26 11:45:00,561.95,562.7,561.6,561.75,8268783
2025-05-26 12:00:00,561.8,562.5,561.05,561.2,8408680
2025-05-26 12:15:00,561.0,561.65,560.6,561.2,8575197
2025-05-26 12:30:00,561.3,561.7,560.2,560.2,8677019
2025-05-26 12:45:00,560.45,560.95,560.1,560.85,8816383
2025-05-26 13:00:00,560.8,562.0,560.05,562.0,8960186
2025-05-26 13:15:00,561.8,562.3,560.8,561.25,9155245
2025-05-26 13:30:00,561.0,561.5,560.7,561.3,9245915
2025-05-26 13:45:00,561.25,562.3,561.1,562.0,9367399
2025-05-26 14:00:00,561.8,562.0,561.05,562.0,9460800
2025-05-26 14:15:00,561.85,562.0,561.1,561.75,9561758
2025-05-26 14:30:00,562.0,562.0,560.7,560.85,9709716
2025-05-26 14:45:00,560.95,561.4,558.45,559.7,10126699
2025-05-26 15:00:00,559.95,560.0,557.5,557.8,10562816
2025-05-26 15:15:00,557.45,559.4,557.45,558.95,11269743
2025-05-27 09:15:00,560.0,560.3,554.15,554.65,742523
2025-05-27 09:30:00,554.8,555.65,553.8,554.65,1378369
2025-05-27 09:45:00,554.5,554.6,553.6,553.9,1735111
2025-05-27 10:00:00,553.75,555.0,553.5,555.0,1926190
2025-05-27 10:15:00,554.35,554.45,553.1,553.5,2190900
2025-05-27 10:30:00,553.65,557.1,553.3,554.95,2793731
2025-05-27 10:45:00,555.0,555.0,553.7,554.1,3063394
2025-05-27 11:00:00,554.05,556.5,554.0,555.6,3258270
2025-05-27 11:15:00,555.85,559.55,555.55,556.9,3749573
2025-05-27 11:30:00,557.0,559.8,556.5,557.0,4286936
2025-05-27 11:45:00,556.75,560.0,556.7,557.7,4751504
2025-05-27 12:00:00,557.5,557.7,556.1,556.5,4885859
2025-05-27 12:15:00,556.85,557.3,555.2,555.55,5035784
2025-05-27 12:30:00,555.6,556.0,555.2,555.5,5159611
2025-05-27 12:45:00,555.4,555.75,554.5,554.95,5282837
2025-05-27 13:00:00,555.0,555.25,554.1,555.05,5435083
2025-05-27 13:15:00,555.0,555.0,554.0,554.95,5545065
2025-05-27 13:30:00,554.9,555.35,553.25,554.0,5701071
2025-05-27 13:45:00,553.9,554.5,553.2,553.45,5938965
2025-05-27 14:00:00,553.0,553.5,552.5,552.95,6181721
2025-05-27 14:15:00,552.7,553.05,552.5,552.95,6372980
2025-05-27 14:30:00,553.0,553.15,552.65,552.9,6531935
2025-05-27 14:45:00,552.8,553.05,552.8,552.95,6685212
2025-05-27 15:00:00,553.0,554.2,552.95,554.05,6958959
2025-05-27 15:15:00,554.0,554.1,551.5,552.6,7774026
2025-05-28 09:15:00,555.0,555.8,552.55,553.75,588778
2025-05-28 09:30:00,553.5,554.7,552.95,554.4,961253
2025-05-28 09:45:00,554.45,554.45,552.6,553.15,1168720
2025-05-28 10:00:00,553.45,558.85,553.05,556.45,1880205
2025-05-28 10:15:00,556.55,558.4,556.0,556.7,2469953
2025-05-28 10:30:00,556.4,562.6,556.4,561.8,3312155
2025-05-28 10:45:00,562.0,567.0,561.55,561.9,5938362
2025-05-28 11:00:00,562.35,563.35,559.5,560.3,7281711
2025-05-28 11:15:00,560.95,562.35,559.55,560.55,7723059
2025-05-28 11:30:00,560.5,561.0,559.5,560.2,7984952
2025-05-28 11:45:00,560.0,560.5,559.55,559.7,8149920
2025-05-28 12:00:00,559.75,560.9,559.5,560.35,8302231
2025-05-28 12:15:00,560.3,560.5,559.05,559.9,8483931
2025-05-28 12:30:00,560.0,560.1,559.0,559.5,8649112
2025-05-28 12:45:00,559.25,559.7,557.55,558.35,8857863
2025-05-28 13:00:00,558.1,558.45,556.6,556.8,9049071
2025-05-28 13:15:00,556.65,557.8,555.65,556.75,9237278
2025-05-28 13:30:00,556.7,556.95,556.0,556.5,9390093
2025-05-28 13:45:00,556.45,556.95,556.0,556.5,9512361
2025-05-28 14:00:00,556.8,560.85,556.7,557.75,9951308
2025-05-28 14:15:00,557.7,558.0,556.35,556.95,10129291
2025-05-28 14:30:00,556.9,558.45,556.1,557.45,10295566
2025-05-28 14:45:00,557.35,559.0,557.35,558.45,10503724
2025-05-28 15:00:00,558.5,558.5,552.6,552.75,11215452
2025-05-28 15:15:00,552.5,552.75,540.05,548.65,13327106
2025-05-29 09:15:00,553.85,558.3,552.55,554.25,1240321
2025-05-29 09:30:00,554.1,554.5,552.4,553.4,1655394
2025-05-29 09:45:00,553.5,554.6,553.0,554.6,1931728
2025-05-29 10:00:00,554.5,555.0,553.2,553.9,2174729
2025-05-29 10:15:00,553.6,554.75,553.1,554.45,2336704
2025-05-29 10:30:00,554.25,554.4,553.15,553.5,2502971
2025-05-29 10:45:00,553.6,554.75,553.25,554.5,2605705
2025-05-29 11:00:00,554.6,555.0,553.3,553.75,2730746
2025-05-29 11:15:00,553.85,554.0,553.3,553.8,2799742
2025-05-29 11:30:00,553.85,554.0,552.8,552.85,2902709
2025-05-29 11:45:00,552.8,553.25,552.25,553.2,3071185
2025-05-29 12:00:00,553.4,553.7,552.95,553.4,3185417
2025-05-29 12:15:00,553.05,553.6,553.0,553.2,3266309
2025-05-29 12:30:00,553.45,553.7,552.5,552.65,3336427
2025-05-29 12:45:00,552.95,557.1,552.85,556.55,3608672
2025-05-29 13:00:00,556.6,558.45,554.5,555.05,4499001
2025-05-29 13:15:00,555.1,555.1,553.0,553.35,4921668
2025-05-29 13:30:00,553.25,554.0,552.8,552.95,5207149
2025-05-29 13:45:00,552.85,553.5,552.5,552.5,5421574
2025-05-29 14:00:00,552.55,552.8,551.5,552.25,5659628
2025-05-29 14:15:00,552.2,552.4,551.5,552.1,5843001
2025-05-29 14:30:00,552.15,552.6,551.7,552.0,5989530
2025-05-29 14:45:00,551.95,552.3,551.5,552.1,6151202
2025-05-29 15:00:00,552.15,553.4,551.7,552.1,6573345
2025-05-29 15:15:00,552.05,552.1,551.1,552.0,7367241
2025-05-30 09:15:00,553.05,555.45,552.0,554.55,747261
2025-05-30 09:30:00,554.5,554.5,552.15,552.4,1256483
2025-05-30 09:45:00,552.3,552.5,551.0,551.2,1631703
2025-05-30 10:00:00,551.4,552.0,550.3,550.3,2009381
2025-05-30 10:15:00,550.15,550.2,547.65,549.25,2469605
2025-05-30 10:30:00,548.8,548.8,546.85,547.95,2828054
2025-05-30 10:45:00,547.9,549.5,547.1,549.5,3001881
2025-05-30 11:00:00,549.65,549.95,548.3,549.35,3165568
2025-05-30 11:15:00,549.5,551.0,549.0,550.6,3378874
2025-05-30 11:30:00,550.65,551.95,550.6,551.05,3555639
2025-05-30 11:45:00,551.0,551.75,551.0,551.3,3661849
2025-05-30 12:00:00,551.5,552.25,551.0,551.2,3789701
2025-05-30 12:15:00,551.25,551.8,551.0,551.3,3887259
2025-05-30 12:30:00,551.5,551.95,550.6,551.25,4021274
2025-05-30 12:45:00,551.05,552.0,550.95,551.5,4129814
2025-05-30 13:00:00,551.75,552.9,551.3,552.5,4254696
2025-05-30 13:15:00,552.45,553.45,552.1,553.1,4436927
2025-05-30 13:30:00,553.3,554.9,552.25,552.25,4927071
2025-05-30 13:45:00,552.5,552.5,551.55,552.15,5103110
2025-05-30 14:00:00,551.85,552.15,550.6,550.7,5226550
2025-05-30 14:15:00,550.85,551.8,550.55,551.6,5320310
2025-05-30 14:30:00,551.55,551.9,551.05,551.25,5379979
2025-05-30 14:45:00,551.3,552.2,550.5,551.75,5519643
2025-05-30 15:00:00,551.4,551.4,540.9,542.75,6776111
2025-05-30 15:15:00,542.85,544.4,541.35,544.0,8683851
2025-06-02 09:15:00,547.0,555.45,545.45,552.5,1615226
2025-06-02 09:30:00,552.7,554.3,551.05,552.5,2411590
2025-06-02 09:45:00,552.4,555.4,551.8,555.05,3003855
2025-06-02 10:00:00,555.0,559.45,554.2,554.4,4383486
2025-06-02 10:15:00,553.9,554.9,552.7,554.65,4938306
2025-06-02 10:30:00,554.35,554.8,553.45,554.0,5140544
2025-06-02 10:45:00,554.2,554.85,553.0,553.0,5333613
2025-06-02 11:00:00,553.15,554.95,552.9,553.6,5511193
2025-06-02 11:15:00,553.7,554.2,552.85,553.1,5664182
2025-06-02 11:30:00,553.15,553.9,552.6,553.55,5792611
2025-06-02 11:45:00,553.45,556.0,553.0,554.2,5983798
2025-06-02 12:00:00,554.4,555.0,553.7,554.0,6143539
2025-06-02 12:15:00,554.1,554.35,552.4,553.0,6267615
2025-06-02 12:30:00,552.9,553.9,552.85,553.9,6459008
2025-06-02 12:45:00,553.85,554.6,553.5,553.5,6671495
2025-06-02 13:00:00,553.8,555.45,553.7,555.3,6947559
2025-06-02 13:15:00,555.1,556.5,554.75,555.7,7167241
2025-06-02 13:30:00,555.4,556.65,555.1,556.5,7409229
2025-06-02 13:45:00,556.3,559.9,556.0,556.9,8057336
2025-06-02 14:00:00,556.65,556.85,554.7,555.0,8467822
2025-06-02 14:15:00,555.2,555.25,553.15,553.55,8700017
2025-06-02 14:30:00,553.6,553.9,552.25,553.55,8979966
2025-06-02 14:45:00,553.5,554.0,552.7,553.05,9220757
2025-06-02 15:00:00,553.25,556.5,553.25,555.2,9676904
2025-06-02 15:15:00,555.3,556.0,554.5,556.0,10405108
2025-06-03 09:15:00,552.55,553.2,545.6,549.0,1686300
2025-06-03 09:30:00,548.6,550.5,547.75,548.95,2438707
2025-06-03 09:45:00,549.2,552.8,548.7,551.65,2959153
2025-06-03 10:00:00,551.5,552.45,550.0,550.6,3372661
2025-06-03 10:15:00,550.85,550.9,549.6,549.7,3625000
2025-06-03 10:30:00,549.6,549.9,548.35,548.5,3903566
2025-06-03 10:45:00,548.45,548.9,546.95,548.0,4250590
2025-06-03 11:00:00,547.95,548.0,547.25,547.45,4455201
2025-06-03 11:15:00,547.25,548.0,546.3,547.8,4682090
2025-06-03 11:30:00,547.55,547.9,546.7,546.95,4817619
2025-06-03 11:45:00,547.05,547.95,546.65,547.3,4970129
2025-06-03 12:00:00,547.45,548.0,547.0,547.35,5045786
2025-06-03 12:15:00,547.4,547.4,546.3,546.95,5154308
2025-06-03 12:30:00,547.3,547.65,546.95,547.4,5228219
2025-06-03 12:45:00,547.25,547.4,546.0,546.25,5311818
2025-06-03 13:00:00,546.2,546.25,544.1,545.7,5567029
2025-06-03 13:15:00,545.8,546.5,545.35,545.8,5793504
2025-06-03 13:30:00,545.85,546.65,545.55,545.85,5891671
2025-06-03 13:45:00,545.95,546.2,545.5,545.95,5949042
2025-06-03 14:00:00,545.8,546.05,545.5,545.6,5999590
2025-06-03 14:15:00,545.5,546.15,544.3,545.0,6147270
2025-06-03 14:30:00,544.85,546.5,544.85,546.3,6304681
2025-06-03 14:45:00,546.15,547.05,545.55,545.95,6456735
2025-06-03 15:00:00,545.75,546.8,544.5,544.85,6820889
2025-06-03 15:15:00,544.65,544.9,543.05,544.9,7533825
2025-06-04 09:15:00,547.4,549.9,545.15,545.25,651570
2025-06-04 09:30:00,544.7,545.85,541.0,541.65,1259187
2025-06-04 09:45:00,541.5,542.6,538.75,540.8,1834644
2025-06-04 10:00:00,540.85,542.5,540.55,541.5,2165497
2025-06-04 10:15:00,541.8,542.25,540.5,541.6,2364290
2025-06-04 10:30:00,541.95,542.45,541.1,542.35,2531918
2025-06-04 10:45:00,542.3,545.45,541.5,545.3,2742528
2025-06-04 11:00:00,546.3,546.3,542.0,542.3,3113179
2025-06-04 11:15:00,542.1,543.15,542.0,542.0,3290637
2025-06-04 11:30:00,542.25,542.65,541.5,541.65,3412352
2025-06-04 11:45:00,541.9,542.3,541.05,541.45,3533702
2025-06-04 12:00:00,541.5,541.85,541.0,541.5,3647642
2025-06-04 12:15:00,541.65,543.3,541.5,542.9,3800090
2025-06-04 12:30:00,542.85,544.3,542.5,543.4,3968759
2025-06-04 12:45:00,543.3,543.8,542.7,543.1,4102301
2025-06-04 13:00:00,543.45,545.7,543.05,543.25,4344065
2025-06-04 13:15:00,543.15,543.45,542.5,542.7,4480415
2025-06-04 13:30:00,543.0,543.1,542.5,542.5,4581068
2025-06-04 13:45:00,542.75,546.0,542.5,545.5,4870250
2025-06-04 14:00:00,545.7,547.6,544.8,545.0,5359356
2025-06-04 14:15:00,545.7,545.7,544.0,544.3,5588926
2025-06-04 14:30:00,544.25,544.65,543.05,543.85,5757426
2025-06-04 14:45:00,543.6,545.2,543.25,544.7,6019918
2025-06-04 15:00:00,545.3,546.55,544.5,544.6,6653365
2025-06-04 15:15:00,544.55,546.0,544.5,545.2,7567273
2025-06-05 09:15:00,547.7,552.65,547.7,551.3,870983
2025-06-05 09:30:00,550.8,553.7,550.1,550.75,1519820
2025-06-05 09:45:00,551.0,552.5,549.7,551.0,1924973
2025-06-05 10:00:00,551.25,552.5,550.6,551.4,2126482
2025-06-05 10:15:00,551.6,551.8,550.5,551.0,2407932
2025-06-05 10:30:00,551.2,551.2,549.8,550.55,2597238
2025-06-05 10:45:00,550.85,551.25,550.0,550.95,2706875
2025-06-05 11:00:00,550.9,551.75,550.35,550.65,2848437
2025-06-05 11:15:00,550.75,551.45,550.05,550.6,2952857
2025-06-05 11:30:00,550.55,551.25,550.55,550.55,3006762
2025-06-05 11:45:00,550.8,551.15,550.35,551.15,3069962
2025-06-05 12:00:00,551.0,552.2,550.1,550.6,3321956
2025-06-05 12:15:00,550.55,550.8,549.35,550.65,3443363
2025-06-05 12:30:00,550.35,550.7,549.45,550.3,3632817
2025-06-05 12:45:00,550.1,550.3,549.55,549.95,3727786
2025-06-05 13:00:00,549.85,551.25,549.35,551.0,3887917
2025-06-05 13:15:00,551.15,551.2,550.0,550.15,4168607
2025-06-05 13:30:00,550.1,550.15,548.65,548.95,4265992
2025-06-05 13:45:00,548.85,549.0,548.0,548.25,4393791
2025-06-05 14:00:00,548.15,548.35,547.1,547.65,4549542
2025-06-05 14:15:00,547.6,547.9,547.2,547.7,4652221
2025-06-05 14:30:00,547.85,547.85,546.75,547.0,4819090
2025-06-05 14:45:00,547.25,547.65,546.65,546.9,4942595
2025-06-05 15:00:00,547.35,548.7,547.2,547.75,5222087
2025-06-05 15:15:00,547.45,548.0,547.05,548.0,5618922
2025-06-06 09:15:00,550.75,563.9,549.7,557.1,2707987
2025-06-06 09:30:00,557.0,558.3,554.4,555.0,5109852
2025-06-06 09:45:00,554.95,556.0,553.8,554.8,5803722
2025-06-06 10:00:00,554.9,556.05,553.2,553.8,6348315
2025-06-06 10:15:00,554.2,555.0,553.2,555.0,6653775
2025-06-06 10:30:00,554.85,556.85,554.85,555.85,6972636
2025-06-06 10:45:00,555.55,556.0,554.65,555.6,7185955
2025-06-06 11:00:00,555.4,555.9,554.4,554.8,7356337
2025-06-06 11:15:00,554.55,556.45,554.5,556.45,7579338
2025-06-06 11:30:00,556.35,556.5,555.1,555.7,7800063
2025-06-06 11:45:00,555.55,556.7,555.05,556.4,7973518
2025-06-06 12:00:00,556.25,556.45,553.6,555.0,8269133
2025-06-06 12:15:00,554.8,555.0,553.6,554.0,8474484
2025-06-06 12:30:00,554.2,555.75,553.7,555.4,8625132
2025-06-06 12:45:00,555.15,558.0,554.75,556.75,8973857
2025-06-06 13:00:00,556.8,556.8,555.3,556.1,9252507
2025-06-06 13:15:00,555.65,556.1,555.2,555.65,9361112
2025-06-06 13:30:00,555.55,555.6,555.0,555.05,9492663
2025-06-06 13:45:00,555.0,555.95,555.0,555.2,9592454
2025-06-06 14:00:00,555.15,556.0,555.05,556.0,9751901
2025-06-06 14:15:00,555.85,557.0,555.3,555.4,10001576
2025-06-06 14:30:00,555.8,556.0,555.0,555.6,10193857
2025-06-06 14:45:00,555.85,555.85,554.4,555.35,10355051
2025-06-06 15:00:00,555.25,556.5,554.6,555.05,10840235
2025-06-06 15:15:00,554.15,556.25,554.0,554.1,11758611
2025-06-09 09:15:00,559.75,559.9,556.8,558.5,755089
2025-06-09 09:30:00,558.9,559.5,556.5,556.65,1262627
2025-06-09 09:45:00,556.55,559.5,556.4,558.7,1675892
2025-06-09 10:00:00,558.65,563.7,558.65,559.8,2701009
2025-06-09 10:15:00,560.0,560.6,558.0,558.15,2981614
2025-06-09 10:30:00,558.25,558.7,557.1,557.75,3267500
2025-06-09 10:45:00,558.0,573.9,557.75,566.5,6415598
2025-06-09 11:00:00,566.4,567.25,563.45,564.4,8578299
2025-06-09 11:15:00,564.7,565.25,562.2,562.8,9131202
2025-06-09 11:30:00,562.9,563.0,561.5,562.2,9636764
2025-06-09 11:45:00,562.0,565.1,561.25,564.65,10122632
2025-06-09 12:00:00,564.45,567.55,564.15,565.75,10848274
2025-06-09 12:15:00,565.95,566.65,564.0,564.8,11290987
2025-06-09 12:30:00,564.6,565.15,563.35,563.95,11480356
2025-06-09 12:45:00,564.0,564.05,562.9,563.5,11641025
2025-06-09 13:00:00,563.3,563.95,563.0,563.2,11770723
2025-06-09 13:15:00,563.05,563.7,562.5,563.6,11884667
2025-06-09 13:30:00,563.5,563.7,562.5,563.0,12024720
2025-06-09 13:45:00,562.8,564.35,562.7,563.9,12168207
2025-06-09 14:00:00,564.0,565.0,564.0,564.1,12340781
2025-06-09 14:15:00,564.4,564.4,563.15,563.55,12497758
2025-06-09 14:30:00,563.5,564.8,563.25,564.25,12593099
2025-06-09 14:45:00,564.35,564.6,564.0,564.25,12766464
2025-06-09 15:00:00,564.5,564.6,562.55,563.45,13094869
2025-06-09 15:15:00,563.6,563.85,562.0,563.4,13844585
2025-06-10 09:15:00,567.7,568.0,564.1,564.1,879957
2025-06-10 09:30:00,564.15,565.8,563.6,565.2,1538577
2025-06-10 09:45:00,565.3,567.35,563.0,563.2,2108211
2025-06-10 10:00:00,563.25,565.8,562.5,565.5,2564887
2025-06-10 10:15:00,565.15,569.85,564.6,566.15,3819131
2025-06-10 10:30:00,565.8,566.35,565.55,566.35,4115964
2025-06-10 10:45:00,566.1,575.0,566.0,569.8,5146736
2025-06-10 11:00:00,570.0,570.0,567.25,568.2,6635217
2025-06-10 11:15:00,568.3,568.3,566.5,566.9,6870508
2025-06-10 11:30:00,566.95,572.9,566.85,571.65,7396525
2025-06-10 11:45:00,571.7,584.95,571.55,584.85,12159974
2025-06-10 12:00:00,584.9,597.9,584.9,596.75,21956429
2025-06-10 12:15:00,596.55,599.0,590.2,592.45,29223319
2025-06-10 12:30:00,592.2,603.3,591.5,602.7,36123104
2025-06-10 12:45:00,602.8,608.65,601.3,603.8,46935401
2025-06-10 13:00:00,603.75,610.0,603.4,604.7,55675109
2025-06-10 13:15:00,604.5,605.25,600.3,601.5,61557893
2025-06-10 13:30:00,601.75,603.3,598.55,601.5,65751551
2025-06-10 13:45:00,601.3,603.0,599.0,600.7,68564975
2025-06-10 14:00:00,600.75,601.0,598.2,598.85,70495944
2025-06-10 14:15:00,598.6,600.6,597.05,599.0,72953963
2025-06-10 14:30:00,598.95,599.2,592.6,593.6,76393546
2025-06-10 14:45:00,593.7,594.9,591.4,594.2,80318290
2025-06-10 15:00:00,594.4,597.4,594.2,594.8,83877674
2025-06-10 15:15:00,595.2,598.9,594.2,598.5,88712678
2025-06-11 09:15:00,602.75,602.75,593.55,596.85,6901476
2025-06-11 09:30:00,596.4,597.0,594.1,594.9,9427310
2025-06-11 09:45:00,594.55,595.85,593.4,594.2,10812013
2025-06-11 10:00:00,594.6,594.8,593.5,594.15,11648591
2025-06-11 10:15:00,594.3,594.5,589.1,591.55,13074648
2025-06-11 10:30:00,591.5,591.65,588.45,590.2,14548213
2025-06-11 10:45:00,590.55,593.45,590.25,592.0,15229187
2025-06-11 11:00:00,591.7,592.0,591.0,591.95,15684610
2025-06-11 11:15:00,591.9,592.95,591.5,592.55,16023187
2025-06-11 11:30:00,592.25,593.0,591.0,591.25,16257184
2025-06-11 11:45:00,591.2,592.95,591.15,592.3,16650890
2025-06-11 12:00:00,592.2,592.9,591.4,592.15,17030570
2025-06-11 12:15:00,592.2,592.6,591.25,591.65,17206856
2025-06-11 12:30:00,591.9,592.4,591.3,591.6,17433607
2025-06-11 12:45:00,591.75,592.5,591.4,592.5,17603325
2025-06-11 13:00:00,592.3,592.5,591.5,591.9,17801488
2025-06-11 13:15:00,591.7,591.95,586.35,586.95,18559714
2025-06-11 13:30:00,587.0,588.75,586.05,586.25,19763880
2025-06-11 13:45:00,586.35,589.9,583.45,587.7,21084175
2025-06-11 14:00:00,587.45,588.5,586.4,587.85,21972561
2025-06-11 14:15:00,587.7,589.9,587.15,587.65,22372694
2025-06-11 14:30:00,587.95,588.85,587.05,588.35,22676444
2025-06-11 14:45:00,588.15,589.55,587.95,588.8,23006058
2025-06-11 15:00:00,588.45,589.35,586.2,588.0,23925169
2025-06-11 15:15:00,588.35,588.9,584.7,586.3,25751710
2025-06-12 09:15:00,587.05,587.9,577.85,578.85,1860836
2025-06-12 09:30:00,578.8,582.75,575.4,575.85,3382210
2025-06-12 09:45:00,575.5,578.3,575.4,577.0,4486836
2025-06-12 10:00:00,576.85,578.5,576.1,577.75,4957195
2025-06-12 10:15:00,577.7,578.7,577.1,578.0,5250999
2025-06-12 10:30:00,578.25,579.0,576.7,576.7,5506768
2025-06-12 10:45:00,577.0,577.85,575.55,575.8,5812869
2025-06-12 11:00:00,575.75,576.9,575.2,575.8,6198640
2025-06-12 11:15:00,575.75,576.6,574.5,576.0,6698768
2025-06-12 11:30:00,575.9,575.95,573.05,574.7,7056614
2025-06-12 11:45:00,574.75,574.8,572.45,572.8,7413992
2025-06-12 12:00:00,572.95,573.4,572.2,572.95,7723892
2025-06-12 12:15:00,572.9,573.8,572.2,573.4,7904270
2025-06-12 12:30:00,573.0,575.15,573.0,575.15,8212902
2025-06-12 12:45:00,575.1,576.9,574.5,574.9,8649074
2025-06-12 13:00:00,575.0,575.1,572.65,574.5,9238988
2025-06-12 13:15:00,574.25,574.7,570.0,570.5,9551313
2025-06-12 13:30:00,570.35,571.25,567.95,568.6,10390037
2025-06-12 13:45:00,568.2,570.45,568.15,569.0,11032213
2025-06-12 14:00:00,568.95,568.95,565.5,565.75,11709149
2025-06-12 14:15:00,565.8,568.65,565.6,567.45,12295953
2025-06-12 14:30:00,567.25,569.85,566.75,568.2,12873319
2025-06-12 14:45:00,567.9,570.0,567.25,569.75,13159357
2025-06-12 15:00:00,569.65,569.75,566.35,568.0,13771355
2025-06-12 15:15:00,568.1,568.45,566.25,567.1,15033049
2025-06-13 09:15:00,555.45,560.05,549.75,560.05,2201225
2025-06-13 09:30:00,559.85,564.9,555.6,560.5,3689760
2025-06-13 09:45:00,560.75,565.4,558.5,563.5,4853195
2025-06-13 10:00:00,563.8,566.5,562.8,566.15,5453734
2025-06-13 10:15:00,566.2,566.75,562.6,566.75,6200357
2025-06-13 10:30:00,566.65,572.5,566.4,569.15,7739583
2025-06-13 10:45:00,569.0,571.5,567.05,570.25,8784048
2025-06-13 11:00:00,570.5,572.45,568.05,569.5,9379625
2025-06-13 11:15:00,569.85,571.0,568.45,570.3,9876962
2025-06-13 11:30:00,570.4,571.2,569.0,569.2,10078900
2025-06-13 11:45:00,569.0,569.45,567.0,567.95,10357033
2025-06-13 12:00:00,567.55,570.5,567.5,569.0,10570529
2025-06-13 12:15:00,568.8,571.85,568.35,571.0,10826146
2025-06-13 12:30:00,571.15,578.4,571.0,576.7,12528680
2025-06-13 12:45:00,576.65,577.4,574.1,574.5,13441978
2025-06-13 13:00:00,574.3,575.25,570.85,574.3,14149342
2025-06-13 13:15:00,574.1,574.95,573.6,574.85,14465997
2025-06-13 13:30:00,574.25,574.9,571.5,571.6,14808144
2025-06-13 13:45:00,571.55,573.15,568.7,569.0,15199100
2025-06-13 14:00:00,568.9,570.05,568.8,569.9,15561739
2025-06-13 14:15:00,569.8,571.2,568.6,571.0,15783065
2025-06-13 14:30:00,570.75,571.2,569.5,570.55,15980244
2025-06-13 14:45:00,570.2,570.2,568.0,568.9,16258961
2025-06-13 15:00:00,569.15,570.7,568.85,569.7,16556675
2025-06-13 15:15:00,570.25,572.45,569.75,570.75,17522510
2025-06-16 09:15:00,567.95,571.7,563.6,563.6,859968
2025-06-16 09:30:00,563.55,563.8,557.75,559.05,1774696
2025-06-16 09:45:00,559.3,560.0,556.4,557.35,2637780
2025-06-16 10:00:00,556.9,560.75,555.1,559.25,3282693
2025-06-16 10:15:00,559.5,564.0,559.45,563.7,3690204
2025-06-16 10:30:00,563.75,565.3,562.4,562.9,4160544
2025-06-16 10:45:00,562.7,566.35,562.7,565.0,4389397
2025-06-16 11:00:00,565.65,565.95,564.35,564.65,4656729
2025-06-16 11:15:00,564.7,565.35,562.6,563.5,4857662
2025-06-16 11:30:00,563.55,565.8,563.15,564.5,5039660
2025-06-16 11:45:00,564.75,565.0,563.7,563.95,5141588
2025-06-16 12:00:00,564.2,564.95,563.7,564.95,5211282
2025-06-16 12:15:00,564.8,564.9,563.45,563.5,5293451
2025-06-16 12:30:00,563.75,565.3,563.5,564.95,5392359
2025-06-16 12:45:00,564.75,565.2,564.2,564.5,5471507
2025-06-16 13:00:00,564.3,565.8,564.15,565.5,5568800
2025-06-16 13:15:00,565.4,566.25,564.6,565.9,5664693
2025-06-16 13:30:00,566.25,567.25,565.0,566.4,5865210
2025-06-16 13:45:00,566.5,566.9,565.6,566.5,6027644
2025-06-16 14:00:00,566.3,567.4,565.95,567.1,6131539
2025-06-16 14:15:00,567.25,567.4,564.0,564.2,6419217
2025-06-16 14:30:00,564.25,564.75,563.35,563.85,6671010
2025-06-16 14:45:00,564.0,565.2,564.0,565.0,6831813
2025-06-16 15:00:00,565.2,565.2,562.25,562.6,7264742
2025-06-16 15:15:00,562.55,563.5,562.0,563.0,8056937
2025-06-17 09:15:00,564.55,566.65,563.0,564.45,712432
2025-06-17 09:30:00,564.6,571.0,564.6,567.1,1589285
2025-06-17 09:45:00,567.25,567.25,564.05,564.5,1923725
2025-06-17 10:00:00,564.7,565.4,562.45,563.4,2328015
2025-06-17 10:15:00,563.25,565.7,563.25,564.0,2562399
2025-06-17 10:30:00,564.1,565.2,563.6,564.8,2700271
2025-06-17 10:45:00,564.65,564.8,562.6,563.2,2835636
2025-06-17 11:00:00,563.45,563.8,562.05,563.55,3015459
2025-06-17 11:15:00,563.65,563.7,562.5,562.75,3126505
2025-06-17 11:30:00,562.9,564.0,562.7,563.3,3223755
2025-06-17 11:45:00,563.45,563.45,561.1,561.25,3341560
2025-06-17 12:00:00,560.95,561.95,560.5,561.1,3511792
2025-06-17 12:15:00,561.15,561.9,561.0,561.45,3609443
2025-06-17 12:30:00,561.6,562.15,560.6,560.7,3710662
2025-06-17 12:45:00,560.5,561.25,558.0,559.4,3995307
2025-06-17 13:00:00,559.35,559.55,558.2,559.25,4163023
2025-06-17 13:15:00,559.45,559.85,558.0,559.4,4244941
2025-06-17 13:30:00,559.35,559.9,559.35,559.5,4313786
2025-06-17 13:45:00,559.65,559.8,558.35,559.05,4384853
2025-06-17 14:00:00,559.15,559.5,558.6,558.8,4466866
2025-06-17 14:15:00,558.95,559.75,558.55,559.15,4566293
2025-06-17 14:30:00,558.85,559.25,557.0,558.0,4746727
2025-06-17 14:45:00,557.9,558.6,557.1,557.9,4918145
2025-06-17 15:00:00,558.0,559.9,557.35,559.3,5175666
2025-06-17 15:15:00,559.05,559.25,557.3,558.0,5710101
2025-06-18 09:15:00,558.0,558.0,552.25,555.3,810172
2025-06-18 09:30:00,555.25,557.6,555.15,557.0,1280026
2025-06-18 09:45:00,557.5,558.9,555.25,555.8,1664874
2025-06-18 10:00:00,555.9,559.85,555.5,557.65,1948547
2025-06-18 10:15:00,557.5,560.1,555.65,556.75,2285248
2025-06-18 10:30:00,556.95,556.95,555.0,556.75,2515603
2025-06-18 10:45:00,556.7,556.75,554.0,555.0,2699659
2025-06-18 11:00:00,554.8,555.55,553.8,554.95,2810498
2025-06-18 11:15:00,554.85,555.4,554.45,554.85,2887030
2025-06-18 11:30:00,554.35,554.85,553.15,554.65,3034115
2025-06-18 11:45:00,554.7,554.9,553.35,553.95,3112371
2025-06-18 12:00:00,553.65,554.85,553.5,554.45,3207202
2025-06-18 12:15:00,554.3,554.7,552.15,553.2,3336607
2025-06-18 12:30:00,553.05,553.25,551.3,551.75,3548748
2025-06-18 12:45:00,551.45,552.0,550.8,550.85,3768050
2025-06-18 13:00:00,551.0,552.25,550.7,552.0,3901760
2025-06-18 13:15:00,552.2,552.35,551.3,551.95,4010552
2025-06-18 13:30:00,552.1,552.8,551.5,552.45,4103452
2025-06-18 13:45:00,552.4,552.45,551.25,551.4,4196857
2025-06-18 14:00:00,551.25,552.5,551.1,551.1,4304495
2025-06-18 14:15:00,551.05,551.45,550.25,550.6,4488353
2025-06-18 14:30:00,550.65,552.5,550.65,552.5,4671068
2025-06-18 14:45:00,552.2,553.0,551.5,552.15,4859839
2025-06-18 15:00:00,552.1,552.9,550.6,550.65,5212933
2025-06-18 15:15:00,550.8,550.8,550.0,550.2,5845855
2025-06-19 09:15:00,551.0,558.0,549.55,552.4,1160811
2025-06-19 09:30:00,552.2,554.6,551.55,551.9,1645338
2025-06-19 09:45:00,552.05,554.5,551.0,551.95,1929247
2025-06-19 10:00:00,552.0,552.0,548.8,549.9,2301743
2025-06-19 10:15:00,549.8,550.0,548.8,549.25,2477796
2025-06-19 10:30:00,549.3,549.3,546.35,546.75,2747100
2025-06-19 10:45:00,547.1,549.0,546.85,548.45,2882960
2025-06-19 11:00:00,548.25,548.85,547.7,548.85,2983194
2025-06-19 11:15:00,548.5,548.8,547.5,547.6,3052770
2025-06-19 11:30:00,547.5,548.8,547.0,547.2,3143390
2025-06-19 11:45:00,547.5,547.65,545.55,546.15,3240762
2025-06-19 12:00:00,546.1,548.7,545.5,547.9,3381046
2025-06-19 12:15:00,547.95,548.3,546.0,546.3,3485135
2025-06-19 12:30:00,546.35,546.35,542.05,542.8,3738614
2025-06-19 12:45:00,542.25,542.75,540.1,541.6,4202305
2025-06-19 13:00:00,541.35,542.05,539.0,540.2,4645792
2025-06-19 13:15:00,540.15,540.45,538.15,539.55,4906574
2025-06-19 13:30:00,539.7,539.75,536.65,537.55,5189658
2025-06-19 13:45:00,537.5,537.85,536.2,537.5,5680562
2025-06-19 14:00:00,537.15,540.85,537.15,540.75,6023191
2025-06-19 14:15:00,540.35,541.9,539.5,539.7,6306091
2025-06-19 14:30:00,539.5,540.7,539.0,539.7,6498181
2025-06-19 14:45:00,539.6,540.6,539.2,540.1,6632801
2025-06-19 15:00:00,540.0,540.1,538.35,538.5,6842747
2025-06-19 15:15:00,538.65,538.65,533.0,533.95,7753980
2025-06-20 09:15:00,538.0,544.25,538.0,539.9,1262193
2025-06-20 09:30:00,539.7,540.5,532.85,534.4,2297306
2025-06-20 09:45:00,534.5,537.9,533.1,533.45,3048584
2025-06-20 10:00:00,533.5,538.5,533.2,537.75,3585256
2025-06-20 10:15:00,537.2,542.95,537.2,541.15,4556100
2025-06-20 10:30:00,541.25,542.3,540.0,540.45,5320434
2025-06-20 10:45:00,540.55,541.3,538.0,538.9,5814065
2025-06-20 11:00:00,538.85,540.9,538.0,540.45,6215220
2025-06-20 11:15:00,540.65,542.2,540.45,540.95,6685186
2025-06-20 11:30:00,540.4,541.6,540.05,540.8,6998277
2025-06-20 11:45:00,540.75,544.35,540.0,543.35,7715136
2025-06-20 12:00:00,543.3,543.55,541.7,542.1,8216265
2025-06-20 12:15:00,542.05,542.1,539.4,539.4,8486058
2025-06-20 12:30:00,539.45,539.75,538.2,539.7,8890712
2025-06-20 12:45:00,539.5,540.45,539.15,539.85,9140068
2025-06-20 13:00:00,539.7,540.05,537.7,537.95,9329405
2025-06-20 13:15:00,538.15,539.05,538.1,538.75,9569045
2025-06-20 13:30:00,538.7,538.75,537.7,538.0,9764744
2025-06-20 13:45:00,538.2,538.7,537.45,537.75,9930751
2025-06-20 14:00:00,537.85,538.15,537.0,537.8,10135552
2025-06-20 14:15:00,538.0,539.05,537.65,538.7,10380544
2025-06-20 14:30:00,538.9,539.85,538.15,539.65,10681940
2025-06-20 14:45:00,539.7,541.2,538.75,541.2,11166351
2025-06-20 15:00:00,540.95,541.15,528.6,529.7,16602591
2025-06-20 15:15:00,529.75,531.0,528.0,530.7,25813796
2025-06-23 09:15:00,530.0,537.8,529.55,536.65,1637010
2025-06-23 09:30:00,536.95,538.8,532.45,533.15,2982889
2025-06-23 09:45:00,533.2,535.85,531.45,534.2,3614828
2025-06-23 10:00:00,534.45,537.55,534.05,536.15,4147668
2025-06-23 10:15:00,535.85,538.5,535.4,536.05,4563369
2025-06-23 10:30:00,535.4,537.0,534.25,536.9,4854471
2025-06-23 10:45:00,536.6,536.9,535.4,536.7,5006817
2025-06-23 11:00:00,536.85,537.9,535.8,537.6,5161388
2025-06-23 11:15:00,537.65,539.8,536.5,539.5,5444913
2025-06-23 11:30:00,539.25,539.8,538.3,539.0,5941940
2025-06-23 11:45:00,539.1,539.95,538.25,539.5,6210290
2025-06-23 12:00:00,539.65,541.45,539.05,540.0,6607435
2025-06-23 12:15:00,540.05,540.85,539.15,539.25,6882874
2025-06-23 12:30:00,539.05,539.65,538.5,539.0,7094484
2025-06-23 12:45:00,538.95,539.0,536.6,536.95,7266399
2025-06-23 13:00:00,537.0,538.25,536.7,538.0,7448395
2025-06-23 13:15:00,538.2,539.5,537.8,539.25,7559620
2025-06-23 13:30:00,539.1,539.85,539.1,539.4,7698958
2025-06-23 13:45:00,539.5,539.5,537.55,538.25,7850966
2025-06-23 14:00:00,538.45,539.4,538.1,538.55,7938740
2025-06-23 14:15:00,538.9,539.1,537.4,537.9,8048208
2025-06-23 14:30:00,538.0,538.55,537.5,538.2,8150804
2025-06-23 14:45:00,538.15,539.1,537.85,538.75,8285239
2025-06-23 15:00:00,538.85,538.85,537.0,538.2,8535265
2025-06-23 15:15:00,537.95,538.65,537.05,538.0,8977981
2025-06-24 09:15:00,544.9,546.8,543.55,544.4,1459104
2025-06-24 09:30:00,544.75,549.6,544.45,545.65,2664668
2025-06-24 09:45:00,545.25,548.65,544.8,547.1,3155164
2025-06-24 10:00:00,547.15,549.5,545.1,546.2,3770158
2025-06-24 10:15:00,546.35,546.95,545.75,546.2,4101567
2025-06-24 10:30:00,546.25,547.35,545.15,546.0,4390107
2025-06-24 10:45:00,546.2,551.85,545.8,547.7,5411856
2025-06-24 11:00:00,548.0,548.4,546.5,547.6,6020099
2025-06-24 11:15:00,547.65,548.4,546.7,546.85,6245293
2025-06-24 11:30:00,546.9,547.9,546.5,547.8,6399616
2025-06-24 11:45:00,547.5,547.85,546.55,546.8,6544261
2025-06-24 12:00:00,546.85,547.5,546.3,546.5,6658685
2025-06-24 12:15:00,546.55,546.6,544.0,545.0,7115175
2025-06-24 12:30:00,545.1,545.15,543.0,543.55,7527381
2025-06-24 12:45:00,543.5,544.4,543.1,543.6,7819412
2025-06-24 13:00:00,543.9,545.5,543.55,544.45,7961092
2025-06-24 13:15:00,544.3,544.95,542.0,542.1,8195733
2025-06-24 13:30:00,542.35,543.15,538.7,539.6,8677635
2025-06-24 13:45:00,539.8,542.35,538.8,542.15,9109345
2025-06-24 14:00:00,542.1,543.35,541.3,543.15,9436051
2025-06-24 14:15:00,542.9,544.45,542.9,543.75,9716532
2025-06-24 14:30:00,543.5,545.45,543.5,545.1,10122728
2025-06-24 14:45:00,545.0,547.5,545.0,546.45,10490553
2025-06-24 15:00:00,546.4,547.5,545.05,546.95,11150388
2025-06-24 15:15:00,546.8,548.0,546.15,547.1,12049614
2025-06-25 09:15:00,549.2,553.65,549.2,551.25,1034301
2025-06-25 09:30:00,551.05,553.85,550.0,552.15,1559904
2025-06-25 09:45:00,552.25,553.3,551.1,551.55,2137551
2025-06-25 10:00:00,551.3,556.25,550.8,556.05,3152261
2025-06-25 10:15:00,556.15,557.05,554.8,555.15,3757726
2025-06-25 10:30:00,555.0,555.5,554.05,554.5,4037254
2025-06-25 10:45:00,554.7,555.15,553.25,553.65,4314165
2025-06-25 11:00:00,553.6,554.0,553.2,553.5,4459140
2025-06-25 11:15:00,553.25,555.45,553.2,555.2,4679852
2025-06-25 11:30:00,555.25,555.85,554.25,554.5,4918798
2025-06-25 11:45:00,554.75,554.85,553.0,553.7,5060346
2025-06-25 12:00:00,553.65,553.65,551.45,552.0,5228033
2025-06-25 12:15:00,551.75,554.65,550.85,554.05,5515432
2025-06-25 12:30:00,554.3,554.85,553.1,553.8,5824015
2025-06-25 12:45:00,553.85,554.2,551.85,553.7,6202743
2025-06-25 13:00:00,553.65,554.0,553.0,553.55,6482261
2025-06-25 13:15:00,553.5,554.5,552.8,553.55,6779884
2025-06-25 13:30:00,553.7,553.7,552.0,553.1,7064501
2025-06-25 13:45:00,553.05,554.5,553.05,553.6,7199621
2025-06-25 14:00:00,553.55,554.3,553.5,553.65,7296291
2025-06-25 14:15:00,553.55,553.85,553.1,553.5,7413977
2025-06-25 14:30:00,553.65,557.5,553.65,556.4,8017255
2025-06-25 14:45:00,556.15,557.7,556.15,556.55,8515051
2025-06-25 15:00:00,557.25,557.5,555.9,556.35,9071601
2025-06-25 15:15:00,556.4,558.5,556.05,558.5,9844434
2025-06-26 09:15:00,559.0,566.55,558.0,565.45,1871515
2025-06-26 09:30:00,565.2,565.8,562.5,563.2,2653932
2025-06-26 09:45:00,563.15,565.45,563.0,564.7,3147192
2025-06-26 10:00:00,564.75,565.4,563.75,563.8,3474152
2025-06-26 10:15:00,563.75,564.6,563.25,563.6,3733448
2025-06-26 10:30:00,563.65,565.4,563.6,563.65,3974963
2025-06-26 10:45:00,563.6,567.05,563.05,565.35,4367257
2025-06-26 11:00:00,565.15,565.5,564.6,565.0,4771782
2025-06-26 11:15:00,565.2,565.25,564.0,564.75,4987134
2025-06-26 11:30:00,564.65,569.0,564.65,567.05,5439232
2025-06-26 11:45:00,567.1,571.9,567.05,569.1,7186208
2025-06-26 12:00:00,569.2,571.45,567.55,571.25,7825997
2025-06-26 12:15:00,570.85,573.5,570.0,572.95,8360428
2025-06-26 12:30:00,573.15,573.2,570.35,571.1,9084019
2025-06-26 12:45:00,571.05,571.05,569.6,569.95,9482693
2025-06-26 13:00:00,570.05,570.5,569.1,569.8,9828700
2025-06-26 13:15:00,569.65,570.3,569.1,569.4,10082160
2025-06-26 13:30:00,569.5,571.2,569.5,570.0,10500852
2025-06-26 13:45:00,570.4,572.85,570.0,572.45,10837031
2025-06-26 14:00:00,572.4,572.85,571.0,571.2,11295620
2025-06-26 14:15:00,571.1,571.4,570.25,570.9,11640418
2025-06-26 14:30:00,570.6,572.95,570.0,572.85,12095292
2025-06-26 14:45:00,573.05,574.65,572.1,572.35,12931968
2025-06-26 15:00:00,573.0,580.35,572.9,579.55,14984692
2025-06-26 15:15:00,579.4,580.2,577.3,578.9,17697169
2025-06-27 09:15:00,580.0,581.85,574.35,578.45,1480832
2025-06-27 09:30:00,578.35,599.0,578.15,597.2,5484158
2025-06-27 09:45:00,597.15,603.3,595.05,597.1,12885865
2025-06-27 10:00:00,597.35,599.3,592.8,596.5,16392665
2025-06-27 10:15:00,596.4,598.6,594.3,596.05,18159347
2025-06-27 10:30:00,595.75,605.6,595.45,605.3,22194801
2025-06-27 10:45:00,605.5,606.8,602.05,602.9,27044439
2025-06-27 11:00:00,603.0,604.5,598.95,601.3,29726401
2025-06-27 11:15:00,601.35,601.35,598.0,599.7,31142106
2025-06-27 11:30:00,599.5,599.5,597.0,597.8,32046710
2025-06-27 11:45:00,597.6,597.6,589.2,589.85,33802397
2025-06-27 12:00:00,589.75,591.4,588.5,589.85,35989199
2025-06-27 12:15:00,590.0,590.0,587.35,588.3,37114369
2025-06-27 12:30:00,588.25,588.3,585.85,586.8,38062733
2025-06-27 12:45:00,586.7,590.4,586.0,588.5,38928434
2025-06-27 13:00:00,588.65,588.8,585.75,586.15,39617978
2025-06-27 13:15:00,586.1,587.4,585.0,587.4,40129620
2025-06-27 13:30:00,587.2,588.9,586.55,588.35,40593503
2025-06-27 13:45:00,588.3,589.5,587.75,589.1,41042359
2025-06-27 14:00:00,589.2,590.1,588.55,589.4,41517132
2025-06-27 14:15:00,589.55,589.55,586.45,587.0,42150482
2025-06-27 14:30:00,587.25,587.35,584.45,585.9,42707789
2025-06-27 14:45:00,585.85,586.0,584.05,584.35,43286911
2025-06-27 15:00:00,584.3,586.0,582.3,584.3,44500437
2025-06-27 15:15:00,584.45,585.6,583.5,584.4,46405769
2025-06-30 09:15:00,589.5,597.3,587.7,588.3,3210778
2025-06-30 09:30:00,587.5,589.1,584.1,584.6,4907562
2025-06-30 09:45:00,584.8,585.9,583.4,583.4,5827004
2025-06-30 10:00:00,583.5,588.95,582.75,587.75,6630350
2025-06-30 10:15:00,587.55,588.5,587.0,588.3,7145192
2025-06-30 10:30:00,587.95,589.45,586.4,586.8,7525461
2025-06-30 10:45:00,586.45,589.0,586.45,588.05,7859248
2025-06-30 11:00:00,588.0,588.8,587.4,587.6,8074974
2025-06-30 11:15:00,587.65,588.8,586.5,588.7,8248029
2025-06-30 11:30:00,588.5,588.7,584.8,585.45,8508119
2025-06-30 11:45:00,585.6,587.5,585.2,586.7,8824733
2025-06-30 12:00:00,587.15,588.9,586.85,588.75,9135469
2025-06-30 12:15:00,588.4,588.75,587.3,587.6,9381591
2025-06-30 12:30:00,588.0,588.35,587.05,587.1,9558532
2025-06-30 12:45:00,587.45,588.0,586.65,586.75,9698184
2025-06-30 13:00:00,586.7,587.7,585.75,586.95,9890482
2025-06-30 13:15:00,587.05,587.35,586.3,586.7,10023653
2025-06-30 13:30:00,586.85,587.0,586.0,586.5,10181995
2025-06-30 13:45:00,586.45,586.85,585.25,586.4,10352405
2025-06-30 14:00:00,586.3,586.75,586.1,586.1,10523731
2025-06-30 14:15:00,586.5,586.75,584.3,586.45,10900631
2025-06-30 14:30:00,586.5,588.0,585.85,587.85,11186110
2025-06-30 14:45:00,587.9,587.95,585.7,586.4,11504783
2025-06-30 15:00:00,586.5,587.3,584.35,586.4,12185822
2025-06-30 15:15:00,586.2,586.7,585.05,585.05,13304584
2025-07-01 09:15:00,588.4,605.0,587.1,603.9,3709459
2025-07-01 09:30:00,603.75,606.9,598.05,598.1,9882170
2025-07-01 09:45:00,598.05,599.5,595.15,596.85,12236115
2025-07-01 10:00:00,596.9,598.5,594.35,595.15,13466951
2025-07-01 10:15:00,595.2,596.75,594.2,596.6,14286619
2025-07-01 10:30:00,596.7,598.45,596.25,598.2,15060115
2025-07-01 10:45:00,598.3,598.55,596.0,596.05,15465188
2025-07-01 11:00:00,596.0,599.55,595.9,598.5,16025763
2025-07-01 11:15:00,598.25,599.65,597.05,597.3,16722076
2025-07-01 11:30:00,597.6,598.5,596.7,597.0,17069920
2025-07-01 11:45:00,596.85,597.8,596.05,596.35,17525030
2025-07-01 12:00:00,596.55,597.0,595.55,596.45,17843394
2025-07-01 12:15:00,596.5,598.0,596.5,597.4,18117898
2025-07-01 12:30:00,597.65,597.95,596.1,596.15,18384516
2025-07-01 12:45:00,596.55,596.8,594.4,594.65,18667309
2025-07-01 13:00:00,594.45,595.25,592.55,593.55,19107983
2025-07-01 13:15:00,593.6,594.0,592.7,593.2,19478534
2025-07-01 13:30:00,593.3,593.85,592.5,592.9,19763066
2025-07-01 13:45:00,593.3,594.25,591.85,592.25,20137794
2025-07-01 14:00:00,592.1,593.0,591.2,592.1,20548010
2025-07-01 14:15:00,592.5,593.0,592.05,592.2,20908962
2025-07-01 14:30:00,592.5,592.5,591.05,591.9,21226351
2025-07-01 14:45:00,591.7,593.0,591.55,591.6,21640718
2025-07-01 15:00:00,591.75,592.8,590.1,592.05,22440562
2025-07-01 15:15:00,592.0,593.0,590.15,592.9,23741859
2025-07-02 09:15:00,596.0,601.8,595.7,596.7,2837533
2025-07-02 09:30:00,596.3,596.85,594.0,594.3,4281207
2025-07-02 09:45:00,594.1,596.0,593.0,595.75,4966599
2025-07-02 10:00:00,595.45,595.5,593.1,594.0,5332894
2025-07-02 10:15:00,593.95,595.4,593.0,594.3,5813398
2025-07-02 10:30:00,594.5,594.5,591.65,593.0,6191654
2025-07-02 10:45:00,592.75,594.5,592.5,593.75,6505016
2025-07-02 11:00:00,593.5,594.8,593.15,594.4,6732850
2025-07-02 11:15:00,594.3,594.55,593.25,594.2,6924291
2025-07-02 11:30:00,594.1,594.8,593.7,594.35,7098120
2025-07-02 11:45:00,594.5,595.85,594.25,594.7,7271001
2025-07-02 12:00:00,594.95,594.95,593.7,594.5,7457491
2025-07-02 12:15:00,594.45,594.5,593.1,593.5,7550058
2025-07-02 12:30:00,593.75,594.25,593.5,593.6,7651998
2025-07-02 12:45:00,593.85,593.85,592.35,593.2,7769131
2025-07-02 13:00:00,593.25,594.0,592.55,592.65,7872183
2025-07-02 13:15:00,592.7,592.75,589.0,589.15,8265153
2025-07-02 13:30:00,588.95,590.55,588.5,588.6,8732550
2025-07-02 13:45:00,588.65,590.4,588.0,590.3,9041148
2025-07-02 14:00:00,590.1,590.95,589.05,590.95,9264279
2025-07-02 14:15:00,590.75,590.95,589.15,589.3,9439953
2025-07-02 14:30:00,589.7,589.7,588.5,589.25,9646382
2025-07-02 14:45:00,589.0,590.9,589.0,590.35,9894463
2025-07-02 15:00:00,590.25,593.45,590.05,591.7,10549161
2025-07-02 15:15:00,591.75,592.25,589.9,590.6,11854105
2025-07-03 09:15:00,595.0,595.85,586.0,587.6,1811594
2025-07-03 09:30:00,587.55,589.0,586.4,588.65,2761065
2025-07-03 09:45:00,588.8,589.9,587.25,588.95,3161959
2025-07-03 10:00:00,588.6,592.55,588.6,591.0,3749646
2025-07-03 10:15:00,591.35,596.2,590.05,593.1,4244880
2025-07-03 10:30:00,593.35,594.4,591.6,592.4,4875547
2025-07-03 10:45:00,592.75,592.95,591.05,591.3,5041736
2025-07-03 11:00:00,591.45,592.0,589.4,590.0,5222868
2025-07-03 11:15:00,589.8,590.6,588.1,588.1,5461059
2025-07-03 11:30:00,588.2,588.7,587.0,587.15,5742391
2025-07-03 11:45:00,586.95,588.45,586.35,588.15,6062117
2025-07-03 12:00:00,588.45,588.75,587.15,587.3,6264867
2025-07-03 12:15:00,587.45,587.7,586.25,587.25,6610514
2025-07-03 12:30:00,587.3,587.7,586.0,586.3,6864693
2025-07-03 12:45:00,586.35,587.7,586.3,586.5,7015487
2025-07-03 13:00:00,586.7,586.95,586.25,586.55,7113276
2025-07-03 13:15:00,586.85,586.9,585.0,585.65,7497867
2025-07-03 13:30:00,585.5,587.0,585.0,586.65,7795799
2025-07-03 13:45:00,586.7,587.6,585.2,587.6,7966494
2025-07-03 14:00:00,587.4,587.65,586.25,586.75,8181365
2025-07-03 14:15:00,587.0,587.05,586.2,586.45,8281240
2025-07-03 14:30:00,586.55,587.7,585.1,587.6,8846426
2025-07-03 14:45:00,587.55,588.85,586.85,588.3,9147665
2025-07-03 15:00:00,588.6,589.9,586.85,587.8,9608013
2025-07-03 15:15:00,588.25,588.75,586.5,586.85,10670897
2025-07-04 09:15:00,587.9,589.15,584.4,586.3,841666
2025-07-04 09:30:00,586.45,587.8,585.5,586.1,1345005
2025-07-04 09:45:00,585.6,588.0,585.55,586.8,1632912
2025-07-04 10:00:00,587.4,588.9,585.85,586.5,2021767
2025-07-04 10:15:00,586.15,587.95,586.15,587.7,2180977
2025-07-04 10:30:00,587.65,589.9,587.15,588.5,2510390
2025-07-04 10:45:00,588.65,589.7,587.8,588.35,2822059
2025-07-04 11:00:00,588.4,588.6,587.5,587.5,2909358
2025-07-04 11:15:00,587.8,588.4,586.15,586.85,3065292
2025-07-04 11:30:00,586.9,587.0,584.5,584.95,3259788
2025-07-04 11:45:00,584.8,584.8,582.5,583.25,3614133
2025-07-04 12:00:00,583.2,584.8,582.8,584.4,3763161
2025-07-04 12:15:00,584.25,584.6,582.5,582.9,3861059
2025-07-04 12:30:00,583.05,583.55,582.2,583.05,4052754
2025-07-04 12:45:00,583.1,583.2,582.05,582.6,4143524
2025-07-04 13:00:00,582.4,583.4,582.2,583.4,4222646
2025-07-04 13:15:00,583.15,584.1,581.2,581.4,4368493
2025-07-04 13:30:00,581.6,582.5,581.4,582.5,4575966
2025-07-04 13:45:00,582.65,582.85,582.0,582.55,4691343
2025-07-04 14:00:00,582.4,582.8,582.0,582.75,4777622
2025-07-04 14:15:00,582.55,582.9,582.0,582.6,4856226
2025-07-04 14:30:00,582.5,584.2,582.15,584.2,4978497
2025-07-04 14:45:00,584.1,585.0,584.1,584.65,5217585
2025-07-04 15:00:00,584.7,586.8,584.0,584.65,5568838
2025-07-04 15:15:00,584.85,585.2,583.3,584.0,6325627
2025-07-07 09:15:00,584.8,589.85,578.8,582.65,964987
2025-07-07 09:30:00,582.85,584.35,580.5,581.9,1733390
2025-07-07 09:45:00,581.8,583.9,580.1,582.85,2322777
2025-07-07 10:00:00,582.65,583.65,580.55,581.1,2670157
2025-07-07 10:15:00,580.6,581.95,580.25,581.4,2882090
2025-07-07 10:30:00,581.3,581.6,580.3,581.45,3054919
2025-07-07 10:45:00,581.05,582.45,580.25,581.9,3221715
2025-07-07 11:00:00,582.25,583.25,581.2,581.35,3435014
2025-07-07 11:15:00,581.5,582.15,581.0,581.5,3541298
2025-07-07 11:30:00,581.75,582.0,581.0,581.7,3607781
2025-07-07 11:45:00,581.4,582.5,581.0,582.4,3879822
2025-07-07 12:00:00,582.15,582.75,582.05,582.1,3963240
2025-07-07 12:15:00,582.05,584.3,582.05,584.2,4080517
2025-07-07 12:30:00,584.3,587.5,583.8,585.85,4490034
2025-07-07 12:45:00,585.6,590.6,585.1,589.55,4900084
2025-07-07 13:00:00,589.9,592.25,587.7,590.9,5524772
2025-07-07 13:15:00,590.75,593.7,590.2,590.3,6276275
2025-07-07 13:30:00,590.6,591.45,590.0,590.4,6521802
2025-07-07 13:45:00,590.7,592.5,590.35,591.95,6943292
2025-07-07 14:00:00,591.6,592.4,591.3,591.7,7212724
2025-07-07 14:15:00,591.6,592.0,590.55,590.8,7431648
2025-07-07 14:30:00,591.0,591.7,590.4,591.5,7708301
2025-07-07 14:45:00,591.15,593.65,590.95,592.6,8021839
2025-07-07 15:00:00,592.8,597.8,592.65,597.5,9277659
2025-07-07 15:15:00,597.25,600.0,596.5,598.7,12031202
2025-07-08 09:15:00,603.5,614.9,602.35,604.6,8104413
2025-07-08 09:30:00,604.7,606.45,595.0,598.05,14407566
2025-07-08 09:45:00,597.6,598.5,595.55,595.75,16274586
2025-07-08 10:00:00,596.05,597.9,594.6,597.25,17208529
2025-07-08 10:15:00,597.2,599.05,596.1,598.8,17749724
2025-07-08 10:30:00,598.95,600.5,595.2,595.8,18706602
2025-07-08 10:45:00,595.55,596.9,595.0,596.0,19301358
2025-07-08 11:00:00,596.15,596.45,592.4,593.75,19780018
2025-07-08 11:15:00,593.6,594.2,593.05,593.35,20245149
2025-07-08 11:30:00,593.5,595.15,593.35,594.35,20616112
2025-07-08 11:45:00,594.25,594.75,593.15,594.2,20945115
2025-07-08 12:00:00,594.0,595.0,593.5,593.7,21144638
2025-07-08 12:15:00,593.75,594.8,592.55,594.6,21496355
2025-07-08 12:30:00,594.35,596.0,594.1,594.95,21809318
2025-07-08 12:45:00,594.85,595.5,594.2,595.0,21984079
2025-07-08 13:00:00,594.85,596.6,594.7,596.3,22180465
2025-07-08 13:15:00,596.2,599.2,596.0,597.7,22766003
2025-07-08 13:30:00,597.95,599.0,596.85,598.3,23191531
2025-07-08 13:45:00,598.55,598.6,597.5,597.5,23356812
2025-07-08 14:00:00,597.65,599.5,597.4,599.45,23759013
2025-07-08 14:15:00,599.4,602.0,599.0,600.7,24667974
2025-07-08 14:30:00,600.65,601.6,598.0,599.7,25657282
2025-07-08 14:45:00,599.35,600.75,598.8,600.5,26234188
2025-07-08 15:00:00,600.35,600.65,598.0,599.0,27125003
2025-07-08 15:15:00,599.5,602.05,598.05,599.5,29212959
2025-07-09 09:15:00,602.55,605.5,599.0,600.85,1789512
2025-07-09 09:30:00,601.0,601.0,597.5,598.0,2674848
2025-07-09 09:45:00,597.7,598.5,596.7,598.35,3148052
2025-07-09 10:00:00,598.15,599.05,597.2,598.9,3405276
2025-07-09 10:15:00,598.55,601.0,598.55,600.3,3799102
2025-07-09 10:30:00,600.1,602.8,599.95,601.2,4446982
2025-07-09 10:45:00,601.15,603.3,600.5,602.45,4806595
2025-07-09 11:00:00,602.6,610.0,602.3,609.0,7181791
2025-07-09 11:15:00,609.2,609.9,606.3,606.7,9329289
2025-07-09 11:30:00,606.5,606.9,602.85,604.5,10282371
2025-07-09 11:45:00,604.4,604.6,602.35,602.9,10865129
2025-07-09 12:00:00,602.5,602.8,601.2,602.8,11182181
2025-07-09 12:15:00,602.35,605.0,602.0,604.1,11524239
2025-07-09 12:30:00,604.25,604.7,602.6,603.15,11819315
2025-07-09 12:45:00,603.1,603.3,602.25,602.4,11960970
2025-07-09 13:00:00,602.35,602.7,601.35,602.15,12240333
2025-07-09 13:15:00,602.2,602.5,601.25,602.0,12408817
2025-07-09 13:30:00,602.05,604.95,601.55,602.5,12914131
2025-07-09 13:45:00,602.7,603.7,602.0,603.2,13130963
2025-07-09 14:00:00,603.0,603.15,602.0,602.3,13292182
2025-07-09 14:15:00,602.5,602.75,601.3,601.5,13486940
2025-07-09 14:30:00,601.3,603.25,600.2,603.25,13917125
2025-07-09 14:45:00,603.0,603.0,601.5,602.25,14145435
2025-07-09 15:00:00,602.8,603.6,601.75,601.85,14584595
2025-07-09 15:15:00,601.95,602.65,601.1,602.0,15894974
2025-07-10 09:15:00,604.4,612.7,602.5,610.55,2585562
2025-07-10 09:30:00,610.5,616.35,610.5,615.7,7605339
2025-07-10 09:45:00,615.9,618.0,611.0,611.1,12431573
2025-07-10 10:00:00,611.6,611.95,607.85,609.1,14837061
2025-07-10 10:15:00,609.35,613.0,609.0,612.85,15809588
2025-07-10 10:30:00,612.5,617.7,611.35,616.0,17613723
2025-07-10 10:45:00,616.2,620.0,614.5,615.5,21391983
2025-07-10 11:00:00,615.4,616.35,613.25,616.15,23058958
2025-07-10 11:15:00,616.2,619.4,616.0,618.2,24966023
2025-07-10 11:30:00,618.5,620.0,615.2,615.8,26708543
2025-07-10 11:45:00,615.75,617.95,615.75,617.45,27842432
2025-07-10 12:00:00,617.2,617.95,612.05,612.55,29567493
2025-07-10 12:15:00,612.6,614.7,611.5,612.0,33210247
2025-07-10 12:30:00,612.15,612.55,609.5,610.0,35835527
2025-07-10 12:45:00,609.85,610.4,608.7,609.45,36822611
2025-07-10 13:00:00,609.5,609.9,608.0,608.65,37493456
2025-07-10 13:15:00,608.55,609.9,608.25,608.75,37968763
2025-07-10 13:30:00,608.8,609.0,605.35,606.15,38582765
2025-07-10 13:45:00,605.95,606.55,605.1,605.85,39483827
2025-07-10 14:00:00,605.9,607.7,605.65,606.35,40007408
2025-07-10 14:15:00,606.5,607.55,606.3,607.25,40363441
2025-07-10 14:30:00,607.2,608.55,606.55,606.95,40787192
2025-07-10 14:45:00,606.85,607.55,605.8,606.65,41203581
2025-07-10 15:00:00,606.6,607.6,605.25,605.6,41961911
2025-07-10 15:15:00,605.5,607.4,604.75,607.4,44142188
2025-07-11 09:15:00,607.0,611.7,605.55,609.0,1969930
2025-07-11 09:30:00,609.3,610.8,606.4,607.0,3134727
2025-07-11 09:45:00,606.7,608.15,605.4,607.05,3854651
2025-07-11 10:00:00,607.15,607.15,604.0,604.65,4323022
2025-07-11 10:15:00,604.6,604.85,602.25,603.5,5038600
2025-07-11 10:30:00,603.4,603.4,601.3,602.35,5454775
2025-07-11 10:45:00,602.5,603.5,601.65,602.1,5807787
2025-07-11 11:00:00,602.15,604.35,600.35,603.6,6336577
2025-07-11 11:15:00,603.75,605.5,603.45,604.5,6983980
2025-07-11 11:30:00,604.25,605.5,603.9,604.8,7272980
2025-07-11 11:45:00,604.6,608.95,604.55,606.05,7814668
2025-07-11 12:00:00,606.15,606.15,605.0,605.85,8137112
2025-07-11 12:15:00,605.55,606.5,605.25,606.3,8260775
2025-07-11 12:30:00,606.5,607.4,606.0,606.4,8367015
2025-07-11 12:45:00,606.6,606.6,605.3,605.7,8478608
2025-07-11 13:00:00,605.8,606.15,605.0,605.2,8581913
2025-07-11 13:15:00,605.45,606.9,605.15,606.15,8732999
2025-07-11 13:30:00,606.1,606.5,604.4,604.65,8877882
2025-07-11 13:45:00,604.8,605.55,604.6,605.25,9025720
2025-07-11 14:00:00,605.05,605.55,604.1,605.35,9126884
2025-07-11 14:15:00,605.25,605.25,604.15,604.5,9234637
2025-07-11 14:30:00,604.4,605.5,604.2,605.2,9382926
2025-07-11 14:45:00,605.0,605.85,604.9,605.45,9649260
2025-07-11 15:00:00,605.35,605.6,603.25,605.0,10271921
2025-07-11 15:15:00,604.85,604.95,603.0,604.5,11618528
2025-07-14 09:15:00,604.1,614.0,603.15,609.1,2632131
2025-07-14 09:30:00,609.15,609.65,602.6,606.45,5104818
2025-07-14 09:45:00,606.3,609.8,604.65,609.45,5926897
2025-07-14 10:00:00,609.4,609.75,607.6,609.1,6416933
2025-07-14 10:15:00,609.0,618.2,608.1,617.7,8357926
2025-07-14 10:30:00,618.15,618.15,614.0,615.5,11278826
2025-07-14 10:45:00,615.7,619.2,615.3,616.7,12884286
2025-07-14 11:00:00,616.9,617.25,611.8,611.8,13950628
2025-07-14 11:15:00,612.0,612.5,610.0,610.65,15101582
2025-07-14 11:30:00,610.7,613.5,609.9,613.4,15665423
2025-07-14 11:45:00,613.1,613.45,610.8,611.45,16082508
2025-07-14 12:00:00,611.2,611.55,610.55,611.35,16292986
2025-07-14 12:15:00,611.45,612.0,610.8,611.3,16443120
2025-07-14 12:30:00,611.25,611.8,610.1,611.75,16686218
2025-07-14 12:45:00,611.55,611.7,608.45,610.05,17118476
2025-07-14 13:00:00,609.85,610.7,608.5,609.0,17527636
2025-07-14 13:15:00,609.35,611.3,609.0,610.35,17765876
2025-07-14 13:30:00,610.25,610.25,607.5,608.15,18143600
2025-07-14 13:45:00,608.05,608.1,605.15,605.85,18678861
2025-07-14 14:00:00,606.0,608.5,605.7,606.85,19018195
2025-07-14 14:15:00,606.7,608.3,605.6,607.15,19252530
2025-07-14 14:30:00,607.3,608.75,606.35,608.45,19481791
2025-07-14 14:45:00,608.2,609.4,607.9,609.35,19917174
2025-07-14 15:00:00,609.4,611.8,608.3,608.45,20810333
2025-07-14 15:15:00,608.85,610.1,608.0,609.6,21801746
2025-07-15 09:15:00,612.9,615.9,612.9,614.4,1394287
2025-07-15 09:30:00,614.55,614.95,611.25,611.5,2214589
2025-07-15 09:45:00,611.6,613.2,610.6,612.0,2881497
2025-07-15 10:00:00,612.1,612.95,611.2,612.2,3162019
2025-07-15 10:15:00,612.5,612.5,609.5,609.9,3496923
2025-07-15 10:30:00,609.85,609.95,608.7,609.65,4041973
2025-07-15 10:45:00,609.9,612.5,609.6,612.0,4331893
2025-07-15 11:00:00,611.75,612.0,609.9,610.4,4571972
2025-07-15 11:15:00,610.35,610.75,608.4,608.7,4812588
2025-07-15 11:30:00,608.35,609.5,607.1,608.2,5202270
2025-07-15 11:45:00,608.0,608.95,607.5,608.8,5540948
2025-07-15 12:00:00,608.45,608.9,606.0,606.0,5804388
2025-07-15 12:15:00,606.15,607.9,605.75,607.45,6197741
2025-07-15 12:30:00,607.35,608.0,606.05,607.4,6444830
2025-07-15 12:45:00,607.3,607.9,606.5,607.75,6682901
2025-07-15 13:00:00,607.8,611.8,607.5,610.65,7041577
2025-07-15 13:15:00,610.35,611.5,610.0,610.05,7624462
2025-07-15 13:30:00,610.2,610.9,609.3,610.2,7905697
2025-07-15 13:45:00,610.25,610.7,609.1,610.35,8180999
2025-07-15 14:00:00,610.7,611.5,610.15,610.7,8506426
2025-07-15 14:15:00,610.45,611.0,610.25,610.5,8762020
2025-07-15 14:30:00,610.2,610.7,609.05,609.35,9056480
2025-07-15 14:45:00,609.7,609.95,608.0,608.05,9389030
2025-07-15 15:00:00,608.4,609.2,606.95,608.5,9939648
2025-07-15 15:15:00,608.3,608.9,607.4,608.35,11169856
2025-07-16 09:15:00,609.9,613.55,607.7,611.25,1339437
2025-07-16 09:30:00,611.55,614.1,608.1,609.15,2429304
2025-07-16 09:45:00,609.25,610.5,608.0,608.3,3205656
2025-07-16 10:00:00,608.05,610.8,606.85,610.8,3724360
2025-07-16 10:15:00,610.65,612.1,608.5,608.85,4570727
2025-07-16 10:30:00,608.9,609.4,607.75,607.9,4958507
2025-07-16 10:45:00,607.95,608.25,607.2,607.5,5189917
2025-07-16 11:00:00,607.55,608.5,606.85,607.8,5490143
2025-07-16 11:15:00,607.75,608.8,606.6,608.6,5789327
2025-07-16 11:30:00,608.55,608.65,607.6,608.6,5965931
2025-07-16 11:45:00,608.55,609.65,608.0,608.05,6150352
2025-07-16 12:00:00,608.35,608.75,607.8,608.3,6320901
2025-07-16 12:15:00,608.4,608.45,607.4,607.75,6465825
2025-07-16 12:30:00,607.6,608.4,607.4,607.4,6618774
2025-07-16 12:45:00,607.7,608.0,607.25,607.65,6780945
2025-07-16 13:00:00,607.6,607.65,606.4,606.6,7011131
2025-07-16 13:15:00,606.5,607.65,606.3,607.0,7234217
2025-07-16 13:30:00,606.8,607.2,606.3,606.8,7433827
2025-07-16 13:45:00,606.6,607.25,605.55,605.7,7648360
2025-07-16 14:00:00,605.75,606.95,605.65,606.4,7933076
2025-07-16 14:15:00,606.6,608.45,606.45,607.4,8224134
2025-07-16 14:30:00,607.2,608.2,607.2,607.65,8469739
2025-07-16 14:45:00,607.7,607.7,606.35,607.0,8680271
2025-07-16 15:00:00,606.85,606.85,604.65,605.5,9474554
2025-07-16 15:15:00,605.45,605.8,603.05,604.8,10717550
2025-07-17 09:15:00,607.45,608.4,604.85,605.65,1003798
2025-07-17 09:30:00,605.95,606.5,601.1,602.05,1880652
2025-07-17 09:45:00,602.4,603.3,602.2,602.2,2455900
2025-07-17 10:00:00,602.4,603.3,602.15,602.65,2682207
2025-07-17 10:15:00,602.75,603.85,602.35,603.1,2851158
2025-07-17 10:30:00,603.35,603.75,602.2,602.3,3015500
2025-07-17 10:45:00,602.65,603.5,602.5,603.3,3184004
2025-07-17 11:00:00,603.2,604.4,602.45,604.35,3470099
2025-07-17 11:15:00,604.0,604.05,602.7,603.15,3834551
2025-07-17 11:30:00,602.95,604.35,602.85,604.35,4051382
2025-07-17 11:45:00,604.25,604.35,603.25,603.5,4175386
2025-07-17 12:00:00,603.6,603.9,602.5,602.5,4275281
2025-07-17 12:15:00,602.7,603.5,601.8,603.45,4677260
2025-07-17 12:30:00,603.35,604.25,603.1,603.75,4844208
2025-07-17 12:45:00,603.95,608.65,603.65,604.75,5700290
2025-07-17 13:00:00,604.65,605.0,602.8,603.35,6239092
2025-07-17 13:15:00,603.2,604.1,602.3,603.5,6542666
2025-07-17 13:30:00,603.4,604.55,603.0,603.1,6777871
2025-07-17 13:45:00,603.2,603.7,602.75,602.8,6936405
2025-07-17 14:00:00,602.9,603.3,602.35,602.95,7065411
2025-07-17 14:15:00,602.8,603.0,600.85,600.85,7360748
2025-07-17 14:30:00,600.8,601.25,597.5,600.3,8243944
2025-07-17 14:45:00,600.5,600.5,597.6,598.6,8771950
2025-07-17 15:00:00,599.0,599.95,598.7,599.7,9189924
2025-07-17 15:15:00,599.45,599.55,597.6,598.5,10172793
2025-07-18 09:15:00,598.6,598.6,593.8,594.2,1114010
2025-07-18 09:30:00,594.45,595.5,592.6,593.3,1940923
2025-07-18 09:45:00,593.5,594.9,592.75,594.9,2380188
2025-07-18 10:00:00,594.75,596.1,592.85,593.1,2810905
2025-07-18 10:15:00,592.85,592.85,588.6,590.45,3696200
2025-07-18 10:30:00,590.2,591.0,588.8,590.55,4132069
2025-07-18 10:45:00,590.45,591.85,590.2,590.7,4371353
2025-07-18 11:00:00,590.65,593.7,590.2,593.3,4588433
2025-07-18 11:15:00,593.4,593.95,592.85,593.7,4847754
2025-07-18 11:30:00,593.9,594.7,593.5,593.95,5103396
2025-07-18 11:45:00,593.85,594.45,593.25,594.0,5333210
2025-07-18 12:00:00,593.85,594.3,593.1,593.85,5455645
2025-07-18 12:15:00,593.9,594.2,593.1,594.15,5642554
2025-07-18 12:30:00,594.2,594.95,594.05,594.5,5825330
2025-07-18 12:45:00,594.4,594.9,594.0,594.45,5999821
2025-07-18 13:00:00,594.85,595.25,593.6,594.55,6250803
2025-07-18 13:15:00,594.6,594.95,594.15,594.55,6394604
2025-07-18 13:30:00,594.75,594.9,593.55,593.95,6583361
2025-07-18 13:45:00,593.65,593.95,591.8,593.15,6748680
2025-07-18 14:00:00,593.0,593.5,592.35,593.2,6990146
2025-07-18 14:15:00,593.0,596.0,593.0,595.45,7516770
2025-07-18 14:30:00,595.75,596.4,595.0,595.5,7702137
2025-07-18 14:45:00,595.45,596.2,594.8,595.35,7871738
2025-07-18 15:00:00,595.0,595.25,593.5,594.5,8301420
2025-07-18 15:15:00,594.65,595.6,594.1,595.1,9043926
2025-07-21 09:15:00,596.0,598.25,591.6,593.6,794752
2025-07-21 09:30:00,593.15,594.75,592.9,594.5,1286689
2025-07-21 09:45:00,594.25,596.2,593.5,594.2,1588875
2025-07-21 10:00:00,594.5,596.6,594.25,596.5,1801026
2025-07-21 10:15:00,596.65,598.4,596.1,597.85,2210431
2025-07-21 10:30:00,598.3,603.5,597.15,601.7,2767793
2025-07-21 10:45:00,602.0,602.0,597.5,598.45,3315407
2025-07-21 11:00:00,598.15,598.75,597.8,598.3,3464457
2025-07-21 11:15:00,598.05,598.2,597.05,597.6,3584433
2025-07-21 11:30:00,597.3,597.7,596.1,596.5,3693594
2025-07-21 11:45:00,596.35,597.8,596.05,597.5,3799684
2025-07-21 12:00:00,597.65,598.0,597.0,597.4,3884326
2025-07-21 12:15:00,597.35,597.35,596.5,596.8,3937812
2025-07-21 12:30:00,596.7,597.45,596.3,597.3,3986191
2025-07-21 12:45:00,597.15,597.45,596.6,596.8,4012849
2025-07-21 13:00:00,596.85,597.0,596.45,596.45,4059034
2025-07-21 13:15:00,596.5,596.75,596.25,596.25,4110367
2025-07-21 13:30:00,596.4,596.4,594.45,595.55,4376765
2025-07-21 13:45:00,595.8,595.8,594.5,594.65,4492742
2025-07-21 14:00:00,594.95,596.0,594.6,595.65,4562193
2025-07-21 14:15:00,595.5,595.7,594.85,595.4,4619369
2025-07-21 14:30:00,595.2,595.5,594.2,594.9,4705483
2025-07-21 14:45:00,595.0,596.3,594.7,596.1,4872177
2025-07-21 15:00:00,596.25,597.3,595.15,596.5,5250638
2025-07-21 15:15:00,596.7,598.0,595.8,597.7,5911886
2025-07-22 09:15:00,599.1,601.35,597.15,597.4,643417
2025-07-22 09:30:00,597.5,597.8,594.5,594.85,1128353
2025-07-22 09:45:00,595.0,596.05,593.55,594.4,1409138
2025-07-22 10:00:00,594.15,594.9,593.7,594.05,1596749
2025-07-22 10:15:00,594.1,594.7,593.5,593.65,1706907
2025-07-22 10:30:00,593.95,595.0,593.65,594.2,1811231
2025-07-22 10:45:00,594.4,595.0,593.7,594.35,1869520
2025-07-22 11:00:00,594.55,595.3,593.15,593.5,2125954
2025-07-22 11:15:00,593.85,593.9,593.15,593.45,2207683
2025-07-22 11:30:00,593.15,593.75,592.5,593.25,2360060
2025-07-22 11:45:00,593.2,593.6,592.25,593.35,2456366
2025-07-22 12:00:00,593.05,593.7,593.0,593.1,2544645
2025-07-22 12:15:00,593.0,593.95,592.55,593.5,2619919
2025-07-22 12:30:00,593.6,593.8,593.0,593.35,2706734
2025-07-22 12:45:00,593.6,594.5,593.3,593.9,2763086
2025-07-22 13:00:00,593.65,594.05,592.4,593.5,2880965
2025-07-22 13:15:00,593.15,595.5,593.15,594.65,3144841
2025-07-22 13:30:00,594.8,595.0,594.25,594.6,3256151
2025-07-22 13:45:00,594.9,595.2,594.5,595.0,3350338
2025-07-22 14:00:00,595.15,595.2,593.75,593.75,3466281
2025-07-22 14:15:00,593.8,594.4,592.0,592.4,3633022
2025-07-22 14:30:00,592.15,594.45,592.15,594.45,3835030
2025-07-22 14:45:00,594.4,594.75,593.8,594.55,3989205
2025-07-22 15:00:00,594.1,594.1,591.7,592.1,4303204
2025-07-22 15:15:00,592.0,592.6,587.0,588.0,5327255
2025-07-23 09:15:00,592.8,595.7,591.1,594.55,881295
2025-07-23 09:30:00,594.65,595.5,592.3,592.3,1274537
2025-07-23 09:45:00,592.55,593.8,592.0,592.5,1585287
2025-07-23 10:00:00,592.6,592.6,590.5,591.25,1869188
2025-07-23 10:15:00,591.35,591.9,590.3,591.0,2004422
2025-07-23 10:30:00,591.3,591.35,590.1,590.5,2171334
2025-07-23 10:45:00,590.85,591.1,589.0,589.35,2375179
2025-07-23 11:00:00,589.25,589.55,588.5,589.2,2556124
2025-07-23 11:15:00,589.3,589.3,588.1,588.7,2659028
2025-07-23 11:30:00,588.5,589.0,587.6,588.65,2803130
2025-07-23 11:45:00,588.7,589.4,588.0,588.85,2918260
2025-07-23 12:00:00,589.0,589.45,588.05,588.2,3021563
2025-07-23 12:15:00,588.15,588.9,588.15,588.9,3074415
2025-07-23 12:30:00,588.5,588.95,588.2,588.5,3132074
2025-07-23 12:45:00,588.75,589.3,588.3,589.1,3195721
2025-07-23 13:00:00,589.15,589.25,588.05,588.3,3266874
2025-07-23 13:15:00,588.55,588.55,587.5,588.05,3405219
2025-07-23 13:30:00,588.0,588.5,587.7,588.0,3462735
2025-07-23 13:45:00,587.7,588.4,587.15,588.0,3564930
2025-07-23 14:00:00,588.15,589.0,587.75,589.0,3738790
2025-07-23 14:15:00,588.65,589.3,588.65,589.0,3884098
2025-07-23 14:30:00,589.2,589.6,588.55,589.4,4048935
2025-07-23 14:45:00,589.05,590.3,589.05,590.1,4297125
2025-07-23 15:00:00,590.15,590.9,588.0,589.2,4809224
2025-07-23 15:15:00,589.15,589.55,588.4,589.45,5547916
2025-07-24 09:15:00,590.8,592.45,588.0,589.5,485300
2025-07-24 09:30:00,589.3,589.5,587.0,587.5,774830
2025-07-24 09:45:00,587.6,588.0,586.2,586.95,984662
2025-07-24 10:00:00,587.2,587.2,583.4,584.8,1360018
2025-07-24 10:15:00,584.75,585.7,584.1,585.55,1558847
2025-07-24 10:30:00,585.5,586.0,585.05,585.3,1677165
2025-07-24 10:45:00,584.95,588.4,584.75,588.3,1821378
2025-07-24 11:00:00,588.25,588.9,587.9,587.9,2098890
2025-07-24 11:15:00,587.8,589.05,586.0,588.0,2284332
2025-07-24 11:30:00,588.2,588.2,586.1,587.2,2449965
2025-07-24 11:45:00,587.0,587.65,585.45,586.05,2601315
2025-07-24 12:00:00,586.3,586.6,585.05,586.6,2770836
2025-07-24 12:15:00,586.45,586.95,586.0,586.6,2858174
2025-07-24 12:30:00,586.55,586.6,586.0,586.5,2926407
2025-07-24 12:45:00,586.15,588.05,585.6,587.6,3022753
2025-07-24 13:00:00,587.25,587.35,585.2,585.75,3158429
2025-07-24 13:15:00,586.0,586.55,585.25,586.2,3228875
2025-07-24 13:30:00,586.15,586.3,585.05,585.9,3288781
2025-07-24 13:45:00,585.55,586.35,585.1,585.6,3369011
2025-07-24 14:00:00,585.9,587.8,585.0,587.5,3617665
2025-07-24 14:15:00,587.7,587.7,586.05,586.2,3780093
2025-07-24 14:30:00,586.15,586.9,586.0,586.5,3834425
2025-07-24 14:45:00,586.45,586.75,586.0,586.2,3900770
2025-07-24 15:00:00,586.0,586.8,586.0,586.0,4127566
2025-07-24 15:15:00,586.1,586.6,584.45,585.0,4685594
2025-07-25 09:15:00,583.9,583.9,579.5,583.35,664166
2025-07-25 09:30:00,583.5,583.55,580.25,580.3,1065676
2025-07-25 09:45:00,580.25,581.15,579.5,581.15,1529959
2025-07-25 10:00:00,581.1,581.15,579.05,579.55,1747059
2025-07-25 10:15:00,579.65,579.65,577.6,578.15,2021591
2025-07-25 10:30:00,578.35,578.6,576.45,578.6,2287858
2025-07-25 10:45:00,578.3,578.6,577.5,578.5,2536292
2025-07-25 11:00:00,578.2,578.5,577.05,577.2,2615827
2025-07-25 11:15:00,577.4,578.4,577.0,578.25,2685370
2025-07-25 11:30:00,578.3,578.65,577.3,577.8,2756896
2025-07-25 11:45:00,577.5,577.8,576.3,576.5,2881405
2025-07-25 12:00:00,576.25,576.45,575.2,575.5,3044864
2025-07-25 12:15:00,575.45,575.85,574.0,574.8,3289094
2025-07-25 12:30:00,574.85,577.25,574.8,576.8,3501652
2025-07-25 12:45:00,576.75,577.5,576.0,576.8,3601998
2025-07-25 13:00:00,576.85,576.9,575.35,575.65,3673726
2025-07-25 13:15:00,575.7,576.45,575.5,575.5,3736968
2025-07-25 13:30:00,575.8,575.8,573.95,575.75,3844838
2025-07-25 13:45:00,575.7,576.2,574.65,575.65,4035899
2025-07-25 14:00:00,575.6,575.9,573.1,573.4,4200151
2025-07-25 14:15:00,573.7,574.45,572.6,573.0,4351226
2025-07-25 14:30:00,573.3,573.3,572.0,572.25,4555388
2025-07-25 14:45:00,572.45,572.85,570.2,570.5,4853241
2025-07-25 15:00:00,571.05,572.65,568.15,570.5,5756879
2025-07-25 15:15:00,569.9,571.0,568.8,571.0,6659875
2025-07-28 09:15:00,569.8,573.3,565.2,573.3,593585
2025-07-28 09:30:00,572.8,576.2,572.5,574.5,1103615
2025-07-28 09:45:00,574.4,576.65,573.25,573.7,1470363
2025-07-28 10:00:00,573.75,575.35,571.85,572.15,1823640
2025-07-28 10:15:00,572.5,576.3,571.8,575.2,2038735
2025-07-28 10:30:00,575.25,576.95,573.0,573.8,2380196
2025-07-28 10:45:00,573.9,573.95,570.55,571.4,2709167
2025-07-28 11:00:00,571.15,571.4,570.0,570.8,2924829
2025-07-28 11:15:00,571.15,571.35,570.5,571.1,2986545
2025-07-28 11:30:00,571.25,571.35,570.65,570.9,3054419
2025-07-28 11:45:00,570.5,570.95,569.2,570.65,3183472
2025-07-28 12:00:00,570.7,570.8,569.5,570.0,3258946
2025-07-28 12:15:00,570.3,571.35,570.0,571.35,3344199
2025-07-28 12:30:00,571.15,571.35,570.0,570.25,3421636
2025-07-28 12:45:00,570.2,570.2,566.25,566.3,3656927
2025-07-28 13:00:00,566.5,568.2,566.25,567.55,3853830
2025-07-28 13:15:00,567.8,567.8,566.25,566.35,4051736
2025-07-28 13:30:00,566.25,566.35,563.6,563.85,4362557
2025-07-28 13:45:00,563.4,564.55,563.1,563.65,4515259
2025-07-28 14:00:00,563.75,563.75,561.65,562.35,4645476
2025-07-28 14:15:00,562.6,563.2,561.0,561.35,4806654
2025-07-28 14:30:00,561.5,567.75,561.5,567.4,4990082
2025-07-28 14:45:00,567.6,573.4,566.4,571.0,5709312
2025-07-28 15:00:00,571.05,572.35,570.0,570.65,6951810
2025-07-28 15:15:00,570.8,572.95,567.8,571.6,7794274
2025-07-29 09:15:00,570.0,573.7,566.85,571.35,734918
2025-07-29 09:30:00,571.15,571.5,567.8,568.05,1110109
2025-07-29 09:45:00,568.25,571.35,568.0,570.0,1481045
2025-07-29 10:00:00,570.3,572.5,569.55,569.6,1890646
2025-07-29 10:15:00,569.7,572.5,567.75,568.25,2262457
2025-07-29 10:30:00,568.55,570.0,568.05,569.0,2418844
2025-07-29 10:45:00,569.15,569.15,567.8,568.0,2552854
2025-07-29 11:00:00,567.9,568.45,567.1,567.3,2648065
2025-07-29 11:15:00,567.35,569.75,567.25,568.75,2805734
2025-07-29 11:30:00,568.8,569.5,567.95,568.85,2875510
2025-07-29 11:45:00,569.15,569.3,567.6,568.1,2966460
2025-07-29 12:00:00,567.85,570.95,567.6,570.65,3092424
2025-07-29 12:15:00,570.55,573.25,570.4,573.0,3327171
2025-07-29 12:30:00,573.25,573.45,572.0,573.0,3574111
2025-07-29 12:45:00,573.05,582.6,572.6,579.65,4259651
2025-07-29 13:00:00,579.7,594.7,579.4,589.0,7258169
2025-07-29 13:15:00,589.1,590.4,585.45,588.7,9773715
2025-07-29 13:30:00,588.5,589.55,587.25,589.0,10469083
2025-07-29 13:45:00,588.95,591.95,588.0,590.75,11019116
2025-07-29 14:00:00,591.0,591.0,588.1,588.4,11486248
2025-07-29 14:15:00,588.25,591.9,588.0,591.65,11893853
2025-07-29 14:30:00,591.7,591.7,589.0,589.15,12319565
2025-07-29 14:45:00,589.6,590.7,589.0,590.7,12601814
2025-07-29 15:00:00,590.65,594.55,589.3,593.0,13602723
2025-07-29 15:15:00,592.9,594.0,590.55,591.6,14942014
2025-07-30 09:15:00,594.0,602.05,593.0,596.85,2528064
2025-07-30 09:30:00,596.9,596.9,593.2,595.0,3295045
2025-07-30 09:45:00,594.95,594.95,589.5,591.0,3991815
2025-07-30 10:00:00,591.1,591.7,589.7,590.05,4382418
2025-07-30 10:15:00,590.2,591.1,588.2,588.3,4601715
2025-07-30 10:30:00,588.4,589.5,587.55,588.8,4934249
2025-07-30 10:45:00,588.35,589.35,587.5,589.3,5145340
2025-07-30 11:00:00,589.25,590.85,588.6,590.7,5320440
2025-07-30 11:15:00,590.5,591.9,590.5,591.2,5592600
2025-07-30 11:30:00,591.25,592.4,591.1,591.75,5773465
2025-07-30 11:45:00,591.65,591.75,590.5,590.7,5866577
2025-07-30 12:00:00,590.8,591.15,589.5,589.7,6002329
2025-07-30 12:15:00,590.0,590.5,589.3,589.6,6063268
2025-07-30 12:30:00,589.35,589.95,589.35,589.8,6111523
2025-07-30 12:45:00,589.75,591.45,589.3,590.25,6246005
2025-07-30 13:00:00,590.4,590.95,589.25,589.5,6332262
2025-07-30 13:15:00,589.45,589.45,588.65,589.15,6388521
2025-07-30 13:30:00,589.2,589.6,588.65,589.3,6435603
2025-07-30 13:45:00,589.25,590.25,588.6,589.0,6511101
2025-07-30 14:00:00,589.25,590.1,588.9,589.3,6585991
2025-07-30 14:15:00,589.05,590.0,589.0,590.0,6647792
2025-07-30 14:30:00,589.7,591.0,589.0,590.65,6747345
2025-07-30 14:45:00,590.9,591.0,589.6,589.7,6945114
2025-07-30 15:00:00,590.65,591.9,588.9,590.65,7327954
2025-07-30 15:15:00,591.1,591.45,587.55,588.0,8323821
2025-07-31 09:15:00,580.0,588.35,578.9,587.55,1268701
2025-07-31 09:30:00,587.4,587.4,583.1,584.75,1851940
2025-07-31 09:45:00,585.0,585.0,583.4,583.65,2054770
2025-07-31 10:00:00,583.7,584.25,581.75,582.7,2386582
2025-07-31 10:15:00,582.5,583.4,582.05,582.8,2533638
2025-07-31 10:30:00,583.25,583.6,582.6,583.25,2622953
2025-07-31 10:45:00,583.2,585.15,583.2,584.05,2735240
2025-07-31 11:00:00,583.8,585.7,583.8,584.45,2943431
2025-07-31 11:15:00,584.2,585.9,583.8,585.4,3035567
2025-07-31 11:30:00,585.45,585.8,584.4,585.15,3151315
2025-07-31 11:45:00,585.2,585.85,584.05,584.5,3247071
2025-07-31 12:00:00,584.35,585.85,583.6,585.05,3362496
2025-07-31 12:15:00,585.1,587.4,585.05,586.35,3589101
2025-07-31 12:30:00,586.3,587.9,585.55,585.85,3734436
2025-07-31 12:45:00,585.9,586.5,584.5,585.2,3982045
2025-07-31 13:00:00,585.4,586.45,584.5,585.1,4144373
2025-07-31 13:15:00,585.3,586.5,584.9,585.55,4245902
2025-07-31 13:30:00,585.75,585.9,584.55,584.65,4340985
2025-07-31 13:45:00,584.9,585.5,584.15,584.5,4459736
2025-07-31 14:00:00,584.75,585.25,584.25,584.65,4541000
2025-07-31 14:15:00,584.5,584.95,582.5,582.65,4641348
2025-07-31 14:30:00,582.55,584.2,582.0,584.0,4852491
2025-07-31 14:45:00,583.8,584.0,582.65,583.0,5012806
2025-07-31 15:00:00,583.25,591.9,583.25,586.85,6050625
2025-07-31 15:15:00,586.55,589.45,586.05,587.35,7279714
2025-08-01 09:15:00,588.0,589.15,585.1,588.8,776263
2025-08-01 09:30:00,588.5,592.95,587.15,591.0,1567419
2025-08-01 09:45:00,591.1,591.1,587.3,588.0,2214571
2025-08-01 10:00:00,587.6,590.85,587.0,590.0,2710478
2025-08-01 10:15:00,589.8,590.45,589.1,589.8,2960402
2025-08-01 10:30:00,589.9,591.9,589.9,590.2,3142022
2025-08-01 10:45:00,590.05,591.35,588.5,588.55,3436050
2025-08-01 11:00:00,588.6,590.0,588.2,588.8,3565070
2025-08-01 11:15:00,588.5,590.0,588.5,589.7,3691144
2025-08-01 11:30:00,590.0,590.0,589.05,589.05,3759508
2025-08-01 11:45:00,589.15,590.0,588.5,589.35,3937989
2025-08-01 12:00:00,589.5,589.5,587.6,588.55,4092602
2025-08-01 12:15:00,588.25,588.55,585.6,585.6,4219006
2025-08-01 12:30:00,585.65,586.95,576.9,581.75,4882258
2025-08-01 12:45:00,581.5,585.05,571.45,571.95,8574445
2025-08-01 13:00:00,571.8,584.95,570.1,584.0,11774673
2025-08-01 13:15:00,583.75,584.0,577.9,580.45,13216208
2025-08-01 13:30:00,580.0,581.95,578.2,579.5,13635228
2025-08-01 13:45:00,579.45,581.9,577.75,577.75,14171067
2025-08-01 14:00:00,577.85,578.85,577.0,577.6,14487481
2025-08-01 14:15:00,577.4,578.0,574.7,575.9,14891939
2025-08-01 14:30:00,575.95,576.6,574.3,574.75,15319495
2025-08-01 14:45:00,575.0,576.1,573.0,573.4,15729012
2025-08-01 15:00:00,573.15,573.4,565.45,565.9,16907402
2025-08-01 15:15:00,566.35,567.0,564.2,564.25,18227255
2025-08-04 09:15:00,567.0,574.7,565.25,574.2,1361740
2025-08-04 09:30:00,574.0,574.9,570.0,570.8,2097676
2025-08-04 09:45:00,571.05,573.1,570.55,572.1,2445038
2025-08-04 10:00:00,571.8,572.35,570.1,571.5,2651285
2025-08-04 10:15:00,571.65,572.8,571.0,572.45,2832002
2025-08-04 10:30:00,572.5,573.9,572.45,573.2,2966444
2025-08-04 10:45:00,573.15,573.5,572.0,572.8,3039087
2025-08-04 11:00:00,572.9,574.25,572.4,574.25,3173835
2025-08-04 11:15:00,574.0,574.7,573.25,573.95,3330299
2025-08-04 11:30:00,573.8,574.5,572.85,574.35,3455207
2025-08-04 11:45:00,574.2,575.5,574.0,574.3,3674585
2025-08-04 12:00:00,574.4,575.0,573.85,574.45,3803650
2025-08-04 12:15:00,574.25,575.4,574.15,575.2,3899780
2025-08-04 12:30:00,575.25,575.6,574.35,574.8,4042825
2025-08-04 12:45:00,575.0,575.5,574.5,575.1,4106075
2025-08-04 13:00:00,575.05,575.45,574.7,574.7,4170399
2025-08-04 13:15:00,575.0,575.15,573.4,573.6,4260778
2025-08-04 13:30:00,573.3,575.0,573.3,574.85,4350716
2025-08-04 13:45:00,574.9,577.0,574.3,576.0,4514558
2025-08-04 14:00:00,575.95,576.1,574.85,575.85,4618778
2025-08-04 14:15:00,575.65,577.0,575.05,576.6,4710295
2025-08-04 14:30:00,576.85,578.75,576.8,578.05,5018077
2025-08-04 14:45:00,578.0,580.4,577.25,579.65,5305780
2025-08-04 15:00:00,578.45,585.9,578.0,585.55,6345293
2025-08-04 15:15:00,586.25,587.7,581.95,582.0,7783595
2025-08-05 09:15:00,584.0,584.0,577.15,582.5,712958
2025-08-05 09:30:00,582.35,582.35,577.3,578.5,1183607
2025-08-05 09:45:00,578.3,578.85,577.2,577.2,1407145
2025-08-05 10:00:00,577.35,579.25,576.4,578.1,1613114
2025-08-05 10:15:00,578.35,579.35,577.9,579.0,1724760
2025-08-05 10:30:00,578.75,579.45,577.6,578.95,1808381
2025-08-05 10:45:00,579.0,579.65,577.5,578.4,2041352
2025-08-05 11:00:00,578.35,578.9,577.95,578.75,2101710
2025-08-05 11:15:00,578.8,580.4,578.65,579.6,2221460
2025-08-05 11:30:00,579.85,579.9,579.1,579.3,2286826
2025-08-05 11:45:00,579.45,580.0,578.35,578.55,2328626
2025-08-05 12:00:00,578.8,579.3,578.55,579.25,2358369
2025-08-05 12:15:00,579.2,579.9,578.7,578.8,2391618
2025-08-05 12:30:00,579.05,579.2,578.0,578.75,2436652
2025-08-05 12:45:00,578.8,578.8,577.45,578.25,2505468
2025-08-05 13:00:00,578.05,578.55,577.0,578.5,2588659
2025-08-05 13:15:00,578.2,578.45,577.2,578.15,2664816
2025-08-05 13:30:00,577.9,578.9,577.3,578.25,2744600
2025-08-05 13:45:00,577.9,578.95,577.5,578.55,2800664
2025-08-05 14:00:00,578.85,578.9,576.5,577.05,2931453
2025-08-05 14:15:00,576.8,577.55,575.8,576.55,3144738
2025-08-05 14:30:00,576.7,577.9,576.7,577.5,3292866
2025-08-05 14:45:00,577.3,577.75,576.2,577.25,3389498
2025-08-05 15:00:00,577.15,580.4,576.5,579.9,3764092
2025-08-05 15:15:00,579.6,581.65,578.5,578.6,4381879
2025-08-06 09:15:00,579.95,581.85,577.05,577.05,448716
2025-08-06 09:30:00,577.0,577.25,574.0,574.4,763664
2025-08-06 09:45:00,574.1,574.8,572.8,573.05,988356
2025-08-06 10:00:00,572.6,573.0,570.5,571.5,1240410
2025-08-06 10:15:00,571.25,573.95,571.0,572.4,1486171
2025-08-06 10:30:00,572.0,572.35,570.5,571.45,1682152
2025-08-06 10:45:00,571.5,572.2,570.3,570.45,1775073
2025-08-06 11:00:00,570.3,570.9,569.1,570.6,1953994
2025-08-06 11:15:00,570.75,570.95,569.15,570.55,2106892
2025-08-06 11:30:00,570.8,570.8,569.05,570.0,2234798
2025-08-06 11:45:00,569.75,570.95,569.25,569.5,2357206
2025-08-06 12:00:00,569.6,571.25,569.1,571.2,2475682
2025-08-06 12:15:00,571.0,573.0,571.0,572.4,2577585
2025-08-06 12:30:00,572.45,572.9,571.5,571.95,2650588
2025-08-06 12:45:00,572.0,572.65,571.2,572.0,2720023
2025-08-06 13:00:00,572.3,572.5,571.1,571.55,2789925
2025-08-06 13:15:00,571.6,572.55,571.1,571.75,2840938
2025-08-06 13:30:00,571.6,572.6,571.1,571.9,2906950
2025-08-06 13:45:00,571.6,572.85,571.1,572.6,3010041
2025-08-06 14:00:00,572.8,572.8,570.05,570.75,3114505
2025-08-06 14:15:00,570.5,570.8,570.0,570.05,3215643
2025-08-06 14:30:00,569.7,570.05,568.9,569.2,3361538
2025-08-06 14:45:00,569.25,569.9,569.0,569.45,3514857
2025-08-06 15:00:00,569.95,569.95,568.0,568.5,3823152
2025-08-06 15:15:00,568.0,568.4,566.0,567.4,4389983
2025-08-07 09:15:00,561.1,563.25,555.85,557.45,1661589
2025-08-07 09:30:00,557.7,560.8,557.15,558.1,2248443
2025-08-07 09:45:00,558.35,558.9,555.8,556.05,2636560
2025-08-07 10:00:00,556.0,556.9,552.25,555.65,3530300
2025-08-07 10:15:00,556.25,566.75,555.95,562.0,5269963
2025-08-07 10:30:00,562.05,563.6,560.1,563.0,6149102
2025-08-07 10:45:00,563.2,564.25,562.05,563.4,6528518
2025-08-07 11:00:00,563.15,566.9,563.15,565.75,7609965
2025-08-07 11:15:00,565.8,566.3,565.25,565.7,8681376
2025-08-07 11:30:00,565.65,571.3,565.25,570.7,9893439
2025-08-07 11:45:00,570.5,571.55,568.0,569.75,11057901
2025-08-07 12:00:00,569.7,573.9,569.25,572.0,11718028
2025-08-07 12:15:00,571.8,572.15,570.05,570.45,12108671
2025-08-07 12:30:00,570.2,570.45,568.25,568.45,12645817
2025-08-07 12:45:00,568.35,568.65,565.0,567.75,13623821
2025-08-07 13:00:00,567.7,568.0,565.4,566.7,14211959
2025-08-07 13:15:00,566.55,567.05,564.4,564.75,14607203
2025-08-07 13:30:00,564.8,566.45,564.8,566.45,14882997
2025-08-07 13:45:00,566.4,568.0,564.4,566.0,15345466
2025-08-07 14:00:00,565.85,569.5,565.35,568.85,15633952
2025-08-07 14:15:00,568.65,571.4,568.65,571.4,16175437
2025-08-07 14:30:00,571.25,573.4,570.3,572.5,17091705
2025-08-07 14:45:00,572.8,576.5,572.05,576.0,17622339
2025-08-07 15:00:00,577.05,580.45,574.85,579.85,18775277
2025-08-07 15:15:00,580.05,581.95,577.0,581.4,20827335
2025-08-08 09:15:00,582.0,583.1,577.55,579.0,932767
2025-08-08 09:30:00,579.25,582.85,579.2,580.9,1470567
2025-08-08 09:45:00,580.2,581.2,578.25,578.8,1804532
2025-08-08 10:00:00,579.25,581.0,577.55,580.95,2113128
2025-08-08 10:15:00,580.85,582.85,579.0,581.3,2574278
2025-08-08 10:30:00,580.55,580.85,578.7,579.5,2892404
2025-08-08 10:45:00,579.45,580.3,578.7,579.7,3137796
2025-08-08 11:00:00,579.65,580.5,579.25,580.5,3303733
2025-08-08 11:15:00,580.55,581.7,579.0,580.0,3474722
2025-08-08 11:30:00,579.85,580.1,576.05,580.0,3896097
2025-08-08 11:45:00,579.8,580.75,579.25,580.5,4268011
2025-08-08 12:00:00,580.25,580.6,578.45,579.25,4375260
2025-08-08 12:15:00,579.25,579.7,578.2,579.5,4445957
2025-08-08 12:30:00,579.45,579.75,578.45,579.5,4524042
2025-08-08 12:45:00,579.35,580.5,578.55,579.9,4671933
2025-08-08 13:00:00,580.25,580.25,579.05,579.65,4786010
2025-08-08 13:15:00,579.5,579.75,579.0,579.2,4854751
2025-08-08 13:30:00,579.0,580.25,579.0,579.6,4936875
2025-08-08 13:45:00,579.55,579.55,578.3,578.7,5014444
2025-08-08 14:00:00,578.75,579.45,578.15,578.4,5125561
2025-08-08 14:15:00,578.1,578.95,577.2,577.35,5380493
2025-08-08 14:30:00,577.65,579.0,577.45,577.7,5553501
2025-08-08 14:45:00,577.8,577.95,576.85,577.55,5783275
2025-08-08 15:00:00,577.75,578.0,574.0,577.05,6634815
2025-08-08 15:15:00,577.4,579.0,575.0,575.0,7434242
